"file","source_url","bytes","sha256","valid_pdf","recovery"
"Title1-T1CH1.pdf","https://legislature.idaho.gov/wp-content/uploads/statutesrules/idstat/Title1/T1CH1.pdf","34027","adb3d936020e06d1e94218810570f7219b9a3cc62d89c683997e95f135e8cd82","True",""
"Title1-T1CH10.pdf","https://legislature.idaho.gov/wp-content/uploads/statutesrules/idstat/Title1/T1CH10.pdf","30822","fabf7f303e1aa54c766b39c4301760dd55897c9b349751ad40dd3e582b144705","True",""
"Title1-T1CH11.pdf","https://legislature.idaho.gov/wp-content/uploads/statutesrules/idstat/Title1/T1CH11.pdf","46397","c0d5c68c5651227d45f040cfd52884048447af7332e5ed8653f2b0fd387be074","True",""
"Title1-T1CH16.pdf","https://legislature.idaho.gov/wp-content/uploads/statutesrules/idstat/Title1/T1CH16.pdf","59803","b3d9795ab152b79ff885b84c1293764e4c2c9a17a5094066e39ccb951bdd8ee8","True",""
"Title1-T1CH18.pdf","https://legislature.idaho.gov/wp-content/uploads/statutesrules/idstat/Title1/T1CH18.pdf","30575","fcb4dbf2473176874c554b7b5d3a169a079a8aa14e5d5c9cee3604c199df2c0b","True",""
"Title1-T1CH19.pdf","https://legislature.idaho.gov/wp-content/uploads/statutesrules/idstat/Title1/T1CH19.pdf","32269","55b598e0e3e2ecbe1f2f6cbbb068d89a8b8a1af24381cf7402abb13e75f1711f","True",""
"Title1-T1CH2.pdf","https://legislature.idaho.gov/wp-content/uploads/statutesrules/idstat/Title1/T1CH2.pdf","45691","32b9affeb1272e307ae5d51ed627ef61155e01a2b6d15ae97847251253879f96","True",""
"Title1-T1CH20.pdf","https://legislature.idaho.gov/wp-content/uploads/statutesrules/idstat/Title1/T1CH20.pdf","104983","338be40af7c95a03bc62f43ffa6f4ac103c87815ce6de2d22a6774db57c4dc5d","True",""
"Title1-T1CH21.pdf","https://legislature.idaho.gov/wp-content/uploads/statutesrules/idstat/Title1/T1CH21.pdf","49631","0ac022f97caea85118291f36eea1b256408061992d6139e7ac3101e214ef0cf6","True",""
"Title1-T1CH22.pdf","https://legislature.idaho.gov/wp-content/uploads/statutesrules/idstat/Title1/T1CH22.pdf","91137","adba5913fd5bc364b399018c7ce10f7e61d9f9afd9c3dfb41a87fd535688da53","True",""
"Title1-T1CH23.pdf","https://legislature.idaho.gov/wp-content/uploads/statutesrules/idstat/Title1/T1CH23.pdf","58846","7e487dff37579d054a6e7a5c1c7572a4132a3dad2cd226f6183f8d0244157fe8","True",""
"Title1-T1CH24.pdf","https://legislature.idaho.gov/wp-content/uploads/statutesrules/idstat/Title1/T1CH24.pdf","52815","0883aafbf62c3fd425c2d5d29fadaf790c71190a723357a68bfc24a2432b0246","True",""
"Title1-T1CH3.pdf","https://legislature.idaho.gov/wp-content/uploads/statutesrules/idstat/Title1/T1CH3.pdf","34112","72789552b001ce878d49307bed635f8a0b3a14dd850728edcc63f3b7db286fe5","True",""
"Title1-T1CH4.pdf","https://legislature.idaho.gov/wp-content/uploads/statutesrules/idstat/Title1/T1CH4.pdf","37218","ad00613591749366b19c8d6c051aad04219014c897e553d926e92adc0689b66d","True",""
"Title1-T1CH5.pdf","https://legislature.idaho.gov/wp-content/uploads/statutesrules/idstat/Title1/T1CH5.pdf","41107","ab6f39529baff13578346397887cab05b74e98ac134c13b22a6bf369d7797eab","True",""
"Title1-T1CH6.pdf","https://legislature.idaho.gov/wp-content/uploads/statutesrules/idstat/Title1/T1CH6.pdf","38822","cc13c1fef5d00f637722b79239e2abad3b383e05bcc23ad8ae7aa44600defbea","True",""
"Title1-T1CH7.pdf","https://legislature.idaho.gov/wp-content/uploads/statutesrules/idstat/Title1/T1CH7.pdf","38607","e36dca0acf1f9645f98e78097094ffb9c45282919c563feef55de635b8badce0","True",""
"Title1-T1CH8.pdf","https://legislature.idaho.gov/wp-content/uploads/statutesrules/idstat/Title1/T1CH8.pdf","38864","496c820f40fb2a9b615e862e3125c9ea57402626021bbc955fc4c9d399a9cb56","True",""
"Title1-T1CH9.pdf","https://legislature.idaho.gov/wp-content/uploads/statutesrules/idstat/Title1/T1CH9.pdf","34077","47f3aeee113e2e876352635f00afbce79468acad20de776d4b52f98837d62d79","True",""
"Title10-T10CH1.pdf","https://legislature.idaho.gov/wp-content/uploads/statutesrules/idstat/Title10/T10CH1.pdf","30542","63b08221f7f967dd37b0491f09fe07b6732233ad1fbe491a58dae7bcea011661","True",""
"Title10-T10CH11.pdf","https://legislature.idaho.gov/wp-content/uploads/statutesrules/idstat/Title10/T10CH11.pdf","41429","aa12657d483d41a38e254ac359a00a242bd7f3914e3d4932150f23285f4b5142","True",""
"Title10-T10CH12.pdf","https://legislature.idaho.gov/wp-content/uploads/statutesrules/idstat/Title10/T10CH12.pdf","43297","6597bc026d2c91edf8cd336f7041a1fd6d16b4b30d660ead9cd7e2737cf3ab0d","True",""
"Title10-T10CH13.pdf","https://legislature.idaho.gov/wp-content/uploads/statutesrules/idstat/Title10/T10CH13.pdf","43586","a9be5883d7c67205bfee0a9152a5b66c85b98d12f8fac77c9fece118ebb93fc4","True",""
"Title10-T10CH14.pdf","https://legislature.idaho.gov/wp-content/uploads/statutesrules/idstat/Title10/T10CH14.pdf","41390","43a8c3440fe910390843b26702f451e9fee8c91632ed9c7bdde6a0db97e406e3","True",""
"Title10-T10CH15.pdf","https://legislature.idaho.gov/wp-content/uploads/statutesrules/idstat/Title10/T10CH15.pdf","53075","48d943384f4d0d59205ac137b43035da7886c121d23468452313af87ac310d0e","True",""
"Title11-T11CH1.pdf","https://legislature.idaho.gov/wp-content/uploads/statutesrules/idstat/Title11/T11CH1.pdf","51802","615aee0e6143201f281acdb6044cc2a177012e69607106b65448994bbaa35003","True",""
"Title11-T11CH2.pdf","https://legislature.idaho.gov/wp-content/uploads/statutesrules/idstat/Title11/T11CH2.pdf","48565","d3833346aff03fdfe8d085498e74a275b555068f4d5340179f6752dc1e6e50bc","True",""
"Title11-T11CH3.pdf","https://legislature.idaho.gov/wp-content/uploads/statutesrules/idstat/Title11/T11CH3.pdf","48236","5d042936fa9696237c41c439d90c5c2e73d084c03d82d401bff4b2efb4072825","True",""
"Title11-T11CH4.pdf","https://legislature.idaho.gov/wp-content/uploads/statutesrules/idstat/Title11/T11CH4.pdf","51471","095c2d7c1aa28628cab3b8987c4cf38991bc9dd0293a614c6666de2e04565974","True",""
"Title11-T11CH5.pdf","https://legislature.idaho.gov/wp-content/uploads/statutesrules/idstat/Title11/T11CH5.pdf","39068","e13f5a7502ee5bd59f1c82d8efdef5cf3aa528cf9aeee7ddefcb7649078c865c","True",""
"Title11-T11CH6.pdf","https://legislature.idaho.gov/wp-content/uploads/statutesrules/idstat/Title11/T11CH6.pdf","63091","4449b3af5eee0e76ae00f1dbfafc6d7166dc7ec7811e10afe890962223a8f529","True",""
"Title11-T11CH7.pdf","https://legislature.idaho.gov/wp-content/uploads/statutesrules/idstat/Title11/T11CH7.pdf","107006","753c2ff0e68e8dbe0082e0aba732416b93eadde7604bff6581da0b475eb25bf2","True",""
"Title12-T12CH1.pdf","https://legislature.idaho.gov/wp-content/uploads/statutesrules/idstat/Title12/T12CH1.pdf","59239","427d1f85408b1ff465087cea33536bc9623cfe6ac50e58cc0dff73eb51bbe0d7","True",""
"Title12-T12CH3.pdf","https://legislature.idaho.gov/wp-content/uploads/statutesrules/idstat/Title12/T12CH3.pdf","31916","c5b9755791b0f340ef67cf7e67e35e4d01c41c774a34bfecae25c8c29f82f298","True",""
"Title12-T12CH6.pdf","https://legislature.idaho.gov/wp-content/uploads/statutesrules/idstat/Title12/T12CH6.pdf","36977","09f9b29acfeb655deeffd647762c3019b493208c56d2c3d185fad70390772172","True",""
"Title13-T13CH2.pdf","https://legislature.idaho.gov/wp-content/uploads/statutesrules/idstat/Title13/T13CH2.pdf","32871","10ca776044bf444434d65ae64d53a67b9f16447113f743ba82694dd33ef61d1c","True",""
"Title14-T14CH1.pdf","https://legislature.idaho.gov/wp-content/uploads/statutesrules/idstat/Title14/T14CH1.pdf","57740","d1938b95efaf0acc267480027d3db9235a28e0d84ed3c67a498c5cb81a568cb6","True",""
"Title14-T14CH5.pdf","https://legislature.idaho.gov/wp-content/uploads/statutesrules/idstat/Title14/T14CH5.pdf","245816","87581ae525940798454e4ab9df37055ca65017e740d7608a40a6433c2cd6eb4d","True",""
"Title15-T15CH1.pdf","https://legislature.idaho.gov/wp-content/uploads/statutesrules/idstat/Title15/T15CH1.pdf","85727","ebe6d696cbcb9586e0c9879dc7628605bab0f84e1c95d9714716be9286be90bc","True",""
"Title15-T15CH12.pdf","https://legislature.idaho.gov/wp-content/uploads/statutesrules/idstat/Title15/T15CH12.pdf","150701","7aaafa61704e7a6253095641ef152fa3a03bafe915e6397f4945674a8c371b47","True",""
"Title15-T15CH13.pdf","https://legislature.idaho.gov/wp-content/uploads/statutesrules/idstat/Title15/T15CH13.pdf","67619","f29a1b6d8979c9178c836a5fa14c2c94b51766c7d4440b3bec2f9fe6fa60b25a","True",""
"Title15-T15CH14.pdf","https://legislature.idaho.gov/wp-content/uploads/statutesrules/idstat/Title15/T15CH14.pdf","66608","74b460c72f1de12935cc446ee4e5b78380679a5e63a4a43d4a9bfa3827fea88d","True",""
"Title15-T15CH2.pdf","https://legislature.idaho.gov/wp-content/uploads/statutesrules/idstat/Title15/T15CH2.pdf","161459","5cdbd1bb6d816b8da39b1c634ef1526d3739ab19f3debe51d231df32d1b4fe41","True",""
"Title15-T15CH3.pdf","https://legislature.idaho.gov/wp-content/uploads/statutesrules/idstat/Title15/T15CH3.pdf","322533","4bb1bde66817b201f603e529b9d29574fae8e25ddf393e00fa3427899982e514","True",""
"Title15-T15CH4.pdf","https://legislature.idaho.gov/wp-content/uploads/statutesrules/idstat/Title15/T15CH4.pdf","43163","43588385a85c909943ed3a8148f035a3830d6a25381e65bc891f5245d94d9b9d","True",""
"Title15-T15CH5.pdf","https://legislature.idaho.gov/wp-content/uploads/statutesrules/idstat/Title15/T15CH5.pdf","253914","59fe6a58ed22cc4e7b219a58acec219640c813cabc2e6aac1bf822e3920238c1","True",""
"Title15-T15CH6.pdf","https://legislature.idaho.gov/wp-content/uploads/statutesrules/idstat/Title15/T15CH6.pdf","91056","d3883727f309d2bb804503313796dfc9cb311f704b81d49db99d8676aa967ccf","True",""
"Title15-T15CH7.pdf","https://legislature.idaho.gov/wp-content/uploads/statutesrules/idstat/Title15/T15CH7.pdf","90045","43447016405de40e6242a7dfb7b95c826d5e1da6660bb315b5d06a7d62730d7e","True",""
"Title15-T15CH8.pdf","https://legislature.idaho.gov/wp-content/uploads/statutesrules/idstat/Title15/T15CH8.pdf","91460","bc9a2c3682a157ebee1ac985a8351d3baab9342e396a1254f0899bf85e774ac0","True",""
"Title16-T16CH1.pdf","https://legislature.idaho.gov/wp-content/uploads/statutesrules/idstat/Title16/T16CH1.pdf","67152","3ea46fb71ededdec9e19b25595400ec2ed2a9c0a133a7cdfcb46d7edb65c5496","True",""
"Title16-T16CH15.pdf","https://legislature.idaho.gov/wp-content/uploads/statutesrules/idstat/Title16/T16CH15.pdf","134319","c0e61e42f220f9325493e45a4a7a53af92dc809d3f15435388289b36335a3360","True",""
"Title16-T16CH16.pdf","https://legislature.idaho.gov/wp-content/uploads/statutesrules/idstat/Title16/T16CH16.pdf","291745","195caf81ea533704bd0911204e5260a151b05cb544b7e19d33ef8f445bc68888","True",""
"Title16-T16CH19.pdf","https://legislature.idaho.gov/wp-content/uploads/statutesrules/idstat/Title16/T16CH19.pdf","84651","eef97ea01d1c5d67a5601d3e02afce3962029ffae3a35b14e5e5cef159151e39","True",""
"Title16-T16CH20.pdf","https://legislature.idaho.gov/wp-content/uploads/statutesrules/idstat/Title16/T16CH20.pdf","94996","55984ea66c7c928e01b50ad81925d48f48998d542516452b7069632a559381b6","True",""
"Title16-T16CH21.pdf","https://legislature.idaho.gov/wp-content/uploads/statutesrules/idstat/Title16/T16CH21.pdf","50786","391a30b43c4517967f7a53f4521d1d968f35d26a5ea5da9c702d3ab746baad73","True",""
"Title16-T16CH24.pdf","https://legislature.idaho.gov/wp-content/uploads/statutesrules/idstat/Title16/T16CH24.pdf","136308","0a0c270da972b0056b511240fce19dd24865ef31d9b23a8193a8b598c2c7695e","True",""
"Title16-T16CH25.pdf","https://legislature.idaho.gov/wp-content/uploads/statutesrules/idstat/Title16/T16CH25.pdf","36385","29d95729eba141a565c88574111ad990fd82b23449c58a7916b8fa4b51ca3005","True",""
"Title17-T17CH2.pdf","https://legislature.idaho.gov/wp-content/uploads/statutesrules/idstat/Title17/T17CH2.pdf","32391","a4bf53871a987a01fe9da5bd37ea003ac2062789e58d6b93de37e2bef9b3ead9","True",""
"Title18-T18CH1.pdf","https://legislature.idaho.gov/wp-content/uploads/statutesrules/idstat/Title18/T18CH1.pdf","64777","8da197d8f619d18bc07d5c0580161722812e7c4f0f9ba232c74c246acf36b34f","True",""
"Title18-T18CH10.pdf","https://legislature.idaho.gov/wp-content/uploads/statutesrules/idstat/Title18/T18CH10.pdf","32959","a6e2d06bda7297e9cb4886f6ff7633262ef7106621aff4d87dce2b00991227af","True",""
"Title18-T18CH11.pdf","https://legislature.idaho.gov/wp-content/uploads/statutesrules/idstat/Title18/T18CH11.pdf","31448","6973ef819eac6aa92c220cd33336816a65f4f2a280a5035cd302486487d82c22","True",""
"Title18-T18CH13.pdf","https://legislature.idaho.gov/wp-content/uploads/statutesrules/idstat/Title18/T18CH13.pdf","77135","aecd9c1a2b4058e413447f4c78a65d0de3041c48db280f2681dcf8239f435692","True",""
"Title18-T18CH14.pdf","https://legislature.idaho.gov/wp-content/uploads/statutesrules/idstat/Title18/T18CH14.pdf","36125","032b32f4027081d875f7dd00bc0dc4d02d91f47e851fbefe794772919e07fcf6","True",""
"Title18-T18CH15.pdf","https://legislature.idaho.gov/wp-content/uploads/statutesrules/idstat/Title18/T18CH15.pdf","210272","c7601d814366e7a1a3dcbe0ccd1ecb4548aacf2974cda78178dcec07573b05ed","True",""
"Title18-T18CH16.pdf","https://legislature.idaho.gov/wp-content/uploads/statutesrules/idstat/Title18/T18CH16.pdf","30627","9a28e4a2d83373dbdcb643332ff079e3ba7db08bfd57623bbc72bf14151913df","True",""
"Title18-T18CH17.pdf","https://legislature.idaho.gov/wp-content/uploads/statutesrules/idstat/Title18/T18CH17.pdf","30119","7ac912121d8ef97554fc916f798edcba67b15a28d095651cae74e74360e5fb25","True",""
"Title18-T18CH18.pdf","https://legislature.idaho.gov/wp-content/uploads/statutesrules/idstat/Title18/T18CH18.pdf","29863","d79d345020b99dce70e54c348f3fd1708a906bc6364320a808417133d5564d61","True",""
"Title18-T18CH19.pdf","https://legislature.idaho.gov/wp-content/uploads/statutesrules/idstat/Title18/T18CH19.pdf","41829","0b7f2ae52b96599e88ecded1e8b9efde4e67630bfa2ec00871f7bdd42ac7efec","True",""
"Title18-T18CH2.pdf","https://legislature.idaho.gov/wp-content/uploads/statutesrules/idstat/Title18/T18CH2.pdf","90447","bb16b9857ae1725dcf518cfecb54d2ccf909482fb7a60d63d2413cb392b71510","True",""
"Title18-T18CH20.pdf","https://legislature.idaho.gov/wp-content/uploads/statutesrules/idstat/Title18/T18CH20.pdf","32133","e8c50bdc0d4a87254b82f07a1070bc6fbad774e18b839652259b934f5e6284f7","True",""
"Title18-T18CH22.pdf","https://legislature.idaho.gov/wp-content/uploads/statutesrules/idstat/Title18/T18CH22.pdf","33351","4e4e2366ddc8350dceb0e127c316e02fd1c42fad3cae68139bbc0dbdf95f61ae","True",""
"Title18-T18CH23.pdf","https://legislature.idaho.gov/wp-content/uploads/statutesrules/idstat/Title18/T18CH23.pdf","60691","01225b4ce37cb092c33f3e42589adf598f542f67767c3679a1f0bfd2a6bd70b5","True",""
"Title18-T18CH24.pdf","https://legislature.idaho.gov/wp-content/uploads/statutesrules/idstat/Title18/T18CH24.pdf","87728","59b1600fb75d0d3a71f3b5563ec994fd2c6cbf1a863b7896a6910468bc4b4971","True",""
"Title18-T18CH25.pdf","https://legislature.idaho.gov/wp-content/uploads/statutesrules/idstat/Title18/T18CH25.pdf","56545","7c0c305ea386f48484caae36ff29e5d698938b23069c194369c8dfb65bbf17d8","True",""
"Title18-T18CH26.pdf","https://legislature.idaho.gov/wp-content/uploads/statutesrules/idstat/Title18/T18CH26.pdf","36679","de15a0fb8df58276568f9ef03ba4062479e18e7d15b44bd483e14453fe8b0f64","True",""
"Title18-T18CH27.pdf","https://legislature.idaho.gov/wp-content/uploads/statutesrules/idstat/Title18/T18CH27.pdf","36986","420d0f0e94b7913a1697e0f6180243ad2be3dd907dcc0c42e4916bd472f28d44","True",""
"Title18-T18CH29.pdf","https://legislature.idaho.gov/wp-content/uploads/statutesrules/idstat/Title18/T18CH29.pdf","27868","e7a8668a5e4f5561ef393d4158a270e6e4344c2c302297c4726b12111d6f592c","True",""
"Title18-T18CH3.pdf","https://legislature.idaho.gov/wp-content/uploads/statutesrules/idstat/Title18/T18CH3.pdf","63491","f2a7844402cb309484e4c322bf9c8815e44a0046e43943ae3f4c63cdefff3878","True",""
"Title18-T18CH30.pdf","https://legislature.idaho.gov/wp-content/uploads/statutesrules/idstat/Title18/T18CH30.pdf","36211","ddc60eb310881f3fd01e4a8c478b430d88cea5d6c14969dc3d5549c7ef2c32a4","True",""
"Title18-T18CH31.pdf","https://legislature.idaho.gov/wp-content/uploads/statutesrules/idstat/Title18/T18CH31.pdf","71715","8011c51024d8faf875bb65f6abe6ef7b81746a24cb0e14b2d76846f560a7c6e6","True",""
"Title18-T18CH32.pdf","https://legislature.idaho.gov/wp-content/uploads/statutesrules/idstat/Title18/T18CH32.pdf","34385","95241ff497860ed0559053f86b790fe0277190194aeb7888518471076c084c76","True",""
"Title18-T18CH33.pdf","https://legislature.idaho.gov/wp-content/uploads/statutesrules/idstat/Title18/T18CH33.pdf","282768","2cbf4377c1abbc603d9f4430290da0d0bc560fd52b1ecfc9da822ee393cd8b08","True",""
"Title18-T18CH34.pdf","https://legislature.idaho.gov/wp-content/uploads/statutesrules/idstat/Title18/T18CH34.pdf","26786","c05086420afbe96fec5529023f2b8b822b34084ca6364c5fea642d9b864137a7","True",""
"Title18-T18CH35.pdf","https://legislature.idaho.gov/wp-content/uploads/statutesrules/idstat/Title18/T18CH35.pdf","28500","b91713d4be1b9e7aaf31acca92f9e46964eb687f4f383c1a18c9d7ba00caff1f","True",""
"Title18-T18CH36.pdf","https://legislature.idaho.gov/wp-content/uploads/statutesrules/idstat/Title18/T18CH36.pdf","52817","4c4bb3e127ff3e3f7584a5d4ec3bb426837a19da262154423c3dd37413dc3691","True",""
"Title18-T18CH38.pdf","https://legislature.idaho.gov/wp-content/uploads/statutesrules/idstat/Title18/T18CH38.pdf","37271","78274471644f51a25f32b751a4602c943b1f662386d7c82179ba45db6c983b18","True",""
"Title18-T18CH39.pdf","https://legislature.idaho.gov/wp-content/uploads/statutesrules/idstat/Title18/T18CH39.pdf","48458","5ac329c213edac71f82c899670ea8aefab09e7256ae00d97f5f08f8cd53b40c0","True",""
"Title18-T18CH4.pdf","https://legislature.idaho.gov/wp-content/uploads/statutesrules/idstat/Title18/T18CH4.pdf","38766","c81e23d2bb3d77f7c0ca9d5d6fcf4190975400baea0a675158cff9bf97dbf038","True",""
"Title18-T18CH40.pdf","https://legislature.idaho.gov/wp-content/uploads/statutesrules/idstat/Title18/T18CH40.pdf","72731","40657a6d4785f65df17551d249809a99b8d4b11239f9707c422b0580bd093922","True",""
"Title18-T18CH41.pdf","https://legislature.idaho.gov/wp-content/uploads/statutesrules/idstat/Title18/T18CH41.pdf","71958","c2a6202ef6931e27d8a22f80f7ab19a5b31756f3081baa2908841fb993ae5f01","True",""
"Title18-T18CH42.pdf","https://legislature.idaho.gov/wp-content/uploads/statutesrules/idstat/Title18/T18CH42.pdf","28265","a05932cae9f160c53df385be023d6e34c356891b8a90c772fe08b370beee2ba1","True",""
"Title18-T18CH43.pdf","https://legislature.idaho.gov/wp-content/uploads/statutesrules/idstat/Title18/T18CH43.pdf","40856","03ecd729f9f352696e41aa1a9c478828c2ac18d33e032cb0c0bb09590dac6e2f","True",""
"Title18-T18CH44.pdf","https://legislature.idaho.gov/wp-content/uploads/statutesrules/idstat/Title18/T18CH44.pdf","32253","fc58357b25fa6559c92abc95ffad91250990c881ce8561b6c3ca6e859d3c4c8e","True",""
"Title18-T18CH45.pdf","https://legislature.idaho.gov/wp-content/uploads/statutesrules/idstat/Title18/T18CH45.pdf","65120","83f2d2f23d840b326927b05564d1306d72d77769aaccd1fcdcf2dd92f2e65e67","True",""
"Title18-T18CH46.pdf","https://legislature.idaho.gov/wp-content/uploads/statutesrules/idstat/Title18/T18CH46.pdf","59160","8ea00d3ca6000dd59af1d447a09eb68cfc1dd603552c6ff4d2bca27459b90793","True",""
"Title18-T18CH47.pdf","https://legislature.idaho.gov/wp-content/uploads/statutesrules/idstat/Title18/T18CH47.pdf","34203","9fd6e1ef498db7be28d7c72a13a9e5e29bd85c2a0352a18a7432833ba1e2caaf","True",""
"Title18-T18CH48.pdf","https://legislature.idaho.gov/wp-content/uploads/statutesrules/idstat/Title18/T18CH48.pdf","35556","aeae2cb4e56dc689b5aa9f3d5dfd462eba1b4b19af77fb007f05fadd58097820","True",""
"Title18-T18CH49.pdf","https://legislature.idaho.gov/wp-content/uploads/statutesrules/idstat/Title18/T18CH49.pdf","37447","b8488bced8bc26b380592c97efff807dc96b0bb85c21f80897303c1d174240ba","True",""
"Title18-T18CH5.pdf","https://legislature.idaho.gov/wp-content/uploads/statutesrules/idstat/Title18/T18CH5.pdf","55335","82ee5e055adb2b00fe08fd867e29ec51e309322bd3948485690300bf3ff2f037","True",""
"Title18-T18CH50.pdf","https://legislature.idaho.gov/wp-content/uploads/statutesrules/idstat/Title18/T18CH50.pdf","29499","f693007737e516be2d97ad02319a1c5d807e47b5dd3ea5484b13d72a41cd893c","True",""
"Title18-T18CH54.pdf","https://legislature.idaho.gov/wp-content/uploads/statutesrules/idstat/Title18/T18CH54.pdf","40778","c164c22936c1ddc78593649406b892d0d90d09de3fbd2f91888fd51dd4b2f703","True",""
"Title18-T18CH55.pdf","https://legislature.idaho.gov/wp-content/uploads/statutesrules/idstat/Title18/T18CH55.pdf","32924","e5085c621c103a25d42bd614e4443084750741a5d24572b5fb051edd897edd14","True",""
"Title18-T18CH56.pdf","https://legislature.idaho.gov/wp-content/uploads/statutesrules/idstat/Title18/T18CH56.pdf","89422","47e960f8b9cb715b05198e3ee14d0ada86cae0ceb36166cb9579443f128655d8","True",""
"Title18-T18CH57.pdf","https://legislature.idaho.gov/wp-content/uploads/statutesrules/idstat/Title18/T18CH57.pdf","44432","8e54171acac94ed672d8c7765f0c6f49593b031f38ae3ad8089a146425ff0e5f","True",""
"Title18-T18CH58.pdf","https://legislature.idaho.gov/wp-content/uploads/statutesrules/idstat/Title18/T18CH58.pdf","46850","c5d456ed0ad262bccd043af2785f2328da6889c5a2333038b316743d2571437e","True",""
"Title18-T18CH59.pdf","https://legislature.idaho.gov/wp-content/uploads/statutesrules/idstat/Title18/T18CH59.pdf","34005","acf35da5ec492f5e351ec2f03f8d9e9d76b0f3dc5e42aaff465d5eaea4dddf2e","True",""
"Title18-T18CH6.pdf","https://legislature.idaho.gov/wp-content/uploads/statutesrules/idstat/Title18/T18CH6.pdf","126206","797c61d41a334b240ab22fa135589ffe75df4d0d0564eb55fede85041086c36d","True",""
"Title18-T18CH60.pdf","https://legislature.idaho.gov/wp-content/uploads/statutesrules/idstat/Title18/T18CH60.pdf","42653","72f36b41583a630f2f84a3eab2c2d7286918c8f5690b912aece4a0204454a841","True",""
"Title18-T18CH61.pdf","https://legislature.idaho.gov/wp-content/uploads/statutesrules/idstat/Title18/T18CH61.pdf","42406","a0ed0f19307ae974c02625f8c88f2537ca4c07129fa6a85998f108f639cf5b4a","True",""
"Title18-T18CH63.pdf","https://legislature.idaho.gov/wp-content/uploads/statutesrules/idstat/Title18/T18CH63.pdf","37704","c0fc8d7f7d3b2a670e43bb4b10e3f09d99444903486e23e61c806768319da2b0","True",""
"Title18-T18CH64.pdf","https://legislature.idaho.gov/wp-content/uploads/statutesrules/idstat/Title18/T18CH64.pdf","35745","337d57db611b08736578fa53ae07db8dab447bb0494d91823978acfe9a17d599","True",""
"Title18-T18CH65.pdf","https://legislature.idaho.gov/wp-content/uploads/statutesrules/idstat/Title18/T18CH65.pdf","30026","a54c73b28ebe0c91bc8ba1f1adf60518fa45318828427182dc99d76ac97b9560","True",""
"Title18-T18CH66.pdf","https://legislature.idaho.gov/wp-content/uploads/statutesrules/idstat/Title18/T18CH66.pdf","58554","39c4ad68badbcb0ad4598838963d6b02d1591e3ea1abefd89add46c22b2c6edc","True",""
"Title18-T18CH67.pdf","https://legislature.idaho.gov/wp-content/uploads/statutesrules/idstat/Title18/T18CH67.pdf","126713","543ab1dc71fee66c3358eb04f595fd213ee95f9e74e4ae3d37874c1305479c27","True",""
"Title18-T18CH68.pdf","https://legislature.idaho.gov/wp-content/uploads/statutesrules/idstat/Title18/T18CH68.pdf","41633","21e86ee7ea0efb6c4c225d225c60c2efc021ddbf39e59b524c54f0e6b8ea8e25","True",""
"Title18-T18CH69.pdf","https://legislature.idaho.gov/wp-content/uploads/statutesrules/idstat/Title18/T18CH69.pdf","34176","d2c801f004f29124318dcf1d5d9b47b14f18235d6c92b1aadba20fe2aef760c6","True",""
"Title18-T18CH7.pdf","https://legislature.idaho.gov/wp-content/uploads/statutesrules/idstat/Title18/T18CH7.pdf","38432","ee2032f6f2a032d77309bd048d95ca063dd8c918943c6be49bb1f2ff25d3ee25","True",""
"Title18-T18CH70.pdf","https://legislature.idaho.gov/wp-content/uploads/statutesrules/idstat/Title18/T18CH70.pdf","112729","9546609c25629e7e12e77f5dc6d5efe4ca3a361467755049684b46df993f52e8","True",""
"Title18-T18CH71.pdf","https://legislature.idaho.gov/wp-content/uploads/statutesrules/idstat/Title18/T18CH71.pdf","44810","14fd8b720a1bd429e04563c16a581078a37ad7f6129a1e7926be844456553df7","True",""
"Title18-T18CH72.pdf","https://legislature.idaho.gov/wp-content/uploads/statutesrules/idstat/Title18/T18CH72.pdf","30861","794b7d81dc5ec7f5ab3ba3059295c445cc5ee7a2dfb21202ec86a62293b77337","True",""
"Title18-T18CH73.pdf","https://legislature.idaho.gov/wp-content/uploads/statutesrules/idstat/Title18/T18CH73.pdf","37364","bb002cf2d37533eb05a04443a993fde5e21ee31facac8161e0b6094c1617c7ee","True",""
"Title18-T18CH74.pdf","https://legislature.idaho.gov/wp-content/uploads/statutesrules/idstat/Title18/T18CH74.pdf","28844","b8abe2f38b0e95db53defb1a624ed8b16a61100c1a65557c857670b975ef159d","True",""
"Title18-T18CH75.pdf","https://legislature.idaho.gov/wp-content/uploads/statutesrules/idstat/Title18/T18CH75.pdf","41158","542a6a28a224188d3e84cfed20db7e25fada93c83ecaabba5e06e45d83947b52","True",""
"Title18-T18CH76.pdf","https://legislature.idaho.gov/wp-content/uploads/statutesrules/idstat/Title18/T18CH76.pdf","37537","a21f1341383f6289a760265c51350ce98ca5591934dec9154bcc24a2e28165d1","True",""
"Title18-T18CH77.pdf","https://legislature.idaho.gov/wp-content/uploads/statutesrules/idstat/Title18/T18CH77.pdf","34980","d402e69cea87a0473fc711e53cf43936c55e2c84545cd8bc9cd2aa303c5d47fe","True",""
"Title18-T18CH78.pdf","https://legislature.idaho.gov/wp-content/uploads/statutesrules/idstat/Title18/T18CH78.pdf","77678","85ef707a37dd358727f06c67f80c086adf6ee98d92a1f2928def2477de55ae72","True",""
"Title18-T18CH79.pdf","https://legislature.idaho.gov/wp-content/uploads/statutesrules/idstat/Title18/T18CH79.pdf","66052","ec024ff9202cd3b2b1032bd832868122601029dbd8eff5ae9d065f8918a613c7","True",""
"Title18-T18CH8.pdf","https://legislature.idaho.gov/wp-content/uploads/statutesrules/idstat/Title18/T18CH8.pdf","37333","2daed5afe5b86891f876cee8c2e43f7d9af5fc61fbffeb6cccb6354ceb23ac49","True",""
"Title18-T18CH80.pdf","https://legislature.idaho.gov/wp-content/uploads/statutesrules/idstat/Title18/T18CH80.pdf","226379","5505a66a1349b5a0913f1e210dac78c5aef188a8ecbc0325190ae61138ed45a2","True",""
"Title18-T18CH81.pdf","https://legislature.idaho.gov/wp-content/uploads/statutesrules/idstat/Title18/T18CH81.pdf","41421","cdbb41ef37c5cd081ce30e1b1679090346efe8dfafcf1d7441b694c633bc099f","True",""
"Title18-T18CH82.pdf","https://legislature.idaho.gov/wp-content/uploads/statutesrules/idstat/Title18/T18CH82.pdf","33925","0f64adac7df2c1fc01b494d1378f83e6fcdb0b6234eaa18067a503f24439f604","True",""
"Title18-T18CH83.pdf","https://legislature.idaho.gov/wp-content/uploads/statutesrules/idstat/Title18/T18CH83.pdf","162957","6932a4271442da4883d86b883a0c093e0778254cda2adf700b39b9800c896c05","True",""
"Title18-T18CH84.pdf","https://legislature.idaho.gov/wp-content/uploads/statutesrules/idstat/Title18/T18CH84.pdf","53009","7bdc62553476bb810fa2078016d95d12ddd6c778adcb63e9e2cb66d0ffc37096","True",""
"Title18-T18CH85.pdf","https://legislature.idaho.gov/wp-content/uploads/statutesrules/idstat/Title18/T18CH85.pdf","62202","ed4adbe9b94eb097b782bd468d3f53151841381fe01445118e36bfa0d226de6c","True",""
"Title18-T18CH86.pdf","https://legislature.idaho.gov/wp-content/uploads/statutesrules/idstat/Title18/T18CH86.pdf","106972","3ac5e7e0ad843442b0f57560fe02afdea6f2725bcf67a30498638b260a566a8b","True",""
"Title18-T18CH87.pdf","https://legislature.idaho.gov/wp-content/uploads/statutesrules/idstat/Title18/T18CH87.pdf","47550","87a3e3683ed4200c0d4b0dac725354681546b76eb1be018618ccae431aa71502","True",""
"Title18-T18CH88.pdf","https://legislature.idaho.gov/wp-content/uploads/statutesrules/idstat/Title18/T18CH88.pdf","58758","02c03758e5afc834d1fce01fc7089025ff8eed6674bbcf7fa37e216ee496f047","True",""
"Title18-T18CH89.pdf","https://legislature.idaho.gov/wp-content/uploads/statutesrules/idstat/Title18/T18CH89.pdf","37656","6204a21593900b731e1ace90ee1b33cc0e3e5e9e63aab9cb537edf676c2fd59c","True",""
"Title18-T18CH9.pdf","https://legislature.idaho.gov/wp-content/uploads/statutesrules/idstat/Title18/T18CH9.pdf","95245","1a854ae7fba6ef5a481dbe81ecdd977d1ab8460a82ee2a72a29699d2898576a9","True",""
"Title18-T18CH90.pdf","https://legislature.idaho.gov/wp-content/uploads/statutesrules/idstat/Title18/T18CH90.pdf","52847","894e954d2ea3b9b232de02672a942f11c9ae783f8861bd98618efb21b3979e44","True",""
"Title18-T18CH91.pdf","https://legislature.idaho.gov/wp-content/uploads/statutesrules/idstat/Title18/T18CH91.pdf","30581","a9c1aa3dc080d06ba185928a570530ea67d8243dd85a3ec7cee2e5f4a5f0fc45","True",""
"Title19-T19CH1.pdf","https://legislature.idaho.gov/wp-content/uploads/statutesrules/idstat/Title19/T19CH1.pdf","36813","4ded1f2948ed47503a582a4a36ad7c34fcc0e763ae98cc6c62566994176247b1","True",""
"Title19-T19CH10.pdf","https://legislature.idaho.gov/wp-content/uploads/statutesrules/idstat/Title19/T19CH10.pdf","43302","346897e7776933176f7a77280333f2a5dc30c124766efbdf34885ffd84f64235","True",""
"Title19-T19CH11.pdf","https://legislature.idaho.gov/wp-content/uploads/statutesrules/idstat/Title19/T19CH11.pdf","58712","ec8b82be7817bfba2536e34bd997b7d125d1b38e29a3c22803b7079a52e50a88","True",""
"Title19-T19CH12.pdf","https://legislature.idaho.gov/wp-content/uploads/statutesrules/idstat/Title19/T19CH12.pdf","33995","c411f30352d33c3a61b360616b219a72b2e25f173efd4d86e2d0833d76a6a292","True",""
"Title19-T19CH13.pdf","https://legislature.idaho.gov/wp-content/uploads/statutesrules/idstat/Title19/T19CH13.pdf","44927","21497f6db3b2b6f56c3154b57c2934513b1af1a0e666b531397c67728dc7949b","True",""
"Title19-T19CH14.pdf","https://legislature.idaho.gov/wp-content/uploads/statutesrules/idstat/Title19/T19CH14.pdf","52716","5ed9557f9c07165b2d682f45b91b2d83df5e7893a857f96f1f99e1e02915d5ea","True",""
"Title19-T19CH15.pdf","https://legislature.idaho.gov/wp-content/uploads/statutesrules/idstat/Title19/T19CH15.pdf","40404","fe14ad89b37ca7859d5d1c098f12c1e80e9a5d14a8a9c8ac433432c2265463bb","True",""
"Title19-T19CH16.pdf","https://legislature.idaho.gov/wp-content/uploads/statutesrules/idstat/Title19/T19CH16.pdf","34490","2c6ff649ed2fc3e19386e3867940725caa065a8d153760e9dfdc2575c23895a4","True",""
"Title19-T19CH17.pdf","https://legislature.idaho.gov/wp-content/uploads/statutesrules/idstat/Title19/T19CH17.pdf","44837","752552d539589ec63650ee07aa1d7fbecb77efc5cc64f073a36766de0106844e","True",""
"Title19-T19CH18.pdf","https://legislature.idaho.gov/wp-content/uploads/statutesrules/idstat/Title19/T19CH18.pdf","42594","9bb73bbe56b43fc00c2e300fc5ba36494a4c849c39f1f3712774963a2f6cb0f6","True",""
"Title19-T19CH19.pdf","https://legislature.idaho.gov/wp-content/uploads/statutesrules/idstat/Title19/T19CH19.pdf","39813","98bc67a7578a2ad8a2ba92ab9b8e56fd74ea41bb4eef6071533fb8c57373e6e8","True",""
"Title19-T19CH2.pdf","https://legislature.idaho.gov/wp-content/uploads/statutesrules/idstat/Title19/T19CH2.pdf","55251","18797ddef0ffdb6d1b41e73ea4bb39fdcf57afadbbed715a734c55da4461e00e","True",""
"Title19-T19CH20.pdf","https://legislature.idaho.gov/wp-content/uploads/statutesrules/idstat/Title19/T19CH20.pdf","49844","48c98bcf3b4a46db6da2d659ed832d2660e0cea58276858f18a773aadd83105c","True",""
"Title19-T19CH21.pdf","https://legislature.idaho.gov/wp-content/uploads/statutesrules/idstat/Title19/T19CH21.pdf","61577","77653ead2b71a00e729a92023d8c7ea21592e6485bf3e6360020d63168cb5f5a","True",""
"Title19-T19CH22.pdf","https://legislature.idaho.gov/wp-content/uploads/statutesrules/idstat/Title19/T19CH22.pdf","37339","54c4996f6babccf2e1fe718624b36cf58d316d7337579b2946d20115450f4a43","True",""
"Title19-T19CH23.pdf","https://legislature.idaho.gov/wp-content/uploads/statutesrules/idstat/Title19/T19CH23.pdf","43879","9c17e19d96c3490901d80d9fb085c7f23055530d306d4ef905e3eefa18830063","True",""
"Title19-T19CH24.pdf","https://legislature.idaho.gov/wp-content/uploads/statutesrules/idstat/Title19/T19CH24.pdf","39830","cd97030d093c6a214a41893cddb3f58800763ac86de4bbe82906212175dfd8f8","True",""
"Title19-T19CH25.pdf","https://legislature.idaho.gov/wp-content/uploads/statutesrules/idstat/Title19/T19CH25.pdf","164622","e252d66db11357a3f394426a09f2216ae26b5bb4b4029521b1e0f0943d1f0b4b","True",""
"Title19-T19CH26.pdf","https://legislature.idaho.gov/wp-content/uploads/statutesrules/idstat/Title19/T19CH26.pdf","71300","ac5a0a27c90b45269b91cc7ab0cde125249ba41c228c97bca47fe247a3b39779","True",""
"Title19-T19CH27.pdf","https://legislature.idaho.gov/wp-content/uploads/statutesrules/idstat/Title19/T19CH27.pdf","74181","0bd7ae2378060bd17675fa69c701a2d557a44a1a1d77a622e4918b122be7a80d","True",""
"Title19-T19CH28.pdf","https://legislature.idaho.gov/wp-content/uploads/statutesrules/idstat/Title19/T19CH28.pdf","39439","f19a290dcef72e064b5000e473a9d33ceb5eb8942d6b38da4e352705fdd64066","True",""
"Title19-T19CH29.pdf","https://legislature.idaho.gov/wp-content/uploads/statutesrules/idstat/Title19/T19CH29.pdf","85271","54f749a3b511cd50ad96b8cb67dc5caa138071b813b225d58813fcd0b14f93c2","True",""
"Title19-T19CH3.pdf","https://legislature.idaho.gov/wp-content/uploads/statutesrules/idstat/Title19/T19CH3.pdf","43404","57bd8b27929d53b3df342d6aed48ad68dab4861c486ed35b237335684e054f17","True",""
"Title19-T19CH30.pdf","https://legislature.idaho.gov/wp-content/uploads/statutesrules/idstat/Title19/T19CH30.pdf","77217","b1367c846ea644f0cf3a592d6473e9119ca48bedc1503c1953720cbdd2705997","True",""
"Title19-T19CH31.pdf","https://legislature.idaho.gov/wp-content/uploads/statutesrules/idstat/Title19/T19CH31.pdf","38404","03ae55b70e63c53a7491aa7b65d8e39a58ec8ae078d103c26d4a8f459d39e473","True",""
"Title19-T19CH32.pdf","https://legislature.idaho.gov/wp-content/uploads/statutesrules/idstat/Title19/T19CH32.pdf","43880","6ad30934981fc984dd312801ed368ced862ad94dcafc6d7ef94ad68e58f0193b","True",""
"Title19-T19CH34.pdf","https://legislature.idaho.gov/wp-content/uploads/statutesrules/idstat/Title19/T19CH34.pdf","33716","def2a559a3c875528da73282da1a803ce136b70c8d03391e4e15c25a617a3948","True",""
"Title19-T19CH35.pdf","https://legislature.idaho.gov/wp-content/uploads/statutesrules/idstat/Title19/T19CH35.pdf","57800","8ee8c5523b9885d7d8705831584019acbe8ec7ff6327046aac29dc4ff32f6b82","True",""
"Title19-T19CH36.pdf","https://legislature.idaho.gov/wp-content/uploads/statutesrules/idstat/Title19/T19CH36.pdf","35729","a36b873878538438e6da7e6c605e54e509723c78d4459d61c7568865e368c051","True",""
"Title19-T19CH37.pdf","https://legislature.idaho.gov/wp-content/uploads/statutesrules/idstat/Title19/T19CH37.pdf","30199","05df33963053516538e19cc870bad886064e893f9db6140bfc33d5e19932123b","True",""
"Title19-T19CH38.pdf","https://legislature.idaho.gov/wp-content/uploads/statutesrules/idstat/Title19/T19CH38.pdf","40215","e7937946cf9dba823de7121b4e557b96e818b3d8cb94da753bddf0208118d9c4","True",""
"Title19-T19CH39.pdf","https://legislature.idaho.gov/wp-content/uploads/statutesrules/idstat/Title19/T19CH39.pdf","64300","a4ca12f05037ef76a54dabb56ef5511ae01d8ae402830a1a915646139ced247e","True",""
"Title19-T19CH4.pdf","https://legislature.idaho.gov/wp-content/uploads/statutesrules/idstat/Title19/T19CH4.pdf","41790","e4ec38c3cd2a1166d4ce13bfd3f1a5eeb4c7757f690d165ce4e5213419e58fcc","True",""
"Title19-T19CH40.pdf","https://legislature.idaho.gov/wp-content/uploads/statutesrules/idstat/Title19/T19CH40.pdf","39719","d8a2c35a6b602528fa26b93cca3e4703630089cd11b6d1781e259f71aaf8679b","True",""
"Title19-T19CH41.pdf","https://legislature.idaho.gov/wp-content/uploads/statutesrules/idstat/Title19/T19CH41.pdf","37952","a01c71d578a94ec534886dba02ff432813e7838130159de77815c9ba6437344b","True",""
"Title19-T19CH42.pdf","https://legislature.idaho.gov/wp-content/uploads/statutesrules/idstat/Title19/T19CH42.pdf","83768","81ae2932dfcf370a84a08340868e63de7cc8f42d7899a794ea1e0e95c0f365cf","True",""
"Title19-T19CH43.pdf","https://legislature.idaho.gov/wp-content/uploads/statutesrules/idstat/Title19/T19CH43.pdf","51237","fd5a171638fb64558b562b437104ded684d776f4d699d87cf6dcfe34ec32d0cc","True",""
"Title19-T19CH44.pdf","https://legislature.idaho.gov/wp-content/uploads/statutesrules/idstat/Title19/T19CH44.pdf","47122","c49a98b7cb26a4b9fc89499127c7bde5d9b7e8ad693b353db5c24f696e0122c9","True",""
"Title19-T19CH45.pdf","https://legislature.idaho.gov/wp-content/uploads/statutesrules/idstat/Title19/T19CH45.pdf","73374","f98a13c062a56eb55a6e8dd37ca92cc82b008e864ff7afc9baeda359212042cf","True",""
"Title19-T19CH46.pdf","https://legislature.idaho.gov/wp-content/uploads/statutesrules/idstat/Title19/T19CH46.pdf","29163","0c1bb3bfe50c7710a9c73deb8c8be4df448c1a2a882f12cfa45da06d51d65bbb","True",""
"Title19-T19CH47.pdf","https://legislature.idaho.gov/wp-content/uploads/statutesrules/idstat/Title19/T19CH47.pdf","52962","363fdcd30e57f306f688fe6af0f122824f95cae2d5beb2d873c8a8b63f65fbe8","True",""
"Title19-T19CH48.pdf","https://legislature.idaho.gov/wp-content/uploads/statutesrules/idstat/Title19/T19CH48.pdf","40162","aea47e53f283d10776c05fd046163065a45967a1474edf91f84f5735c754b6a2","True",""
"Title19-T19CH49.pdf","https://legislature.idaho.gov/wp-content/uploads/statutesrules/idstat/Title19/T19CH49.pdf","50228","0ae30c49cb6ccf21ff956cf828cc90e022a8734b80868a22efc3c6e8713f31b6","True",""
"Title19-T19CH5.pdf","https://legislature.idaho.gov/wp-content/uploads/statutesrules/idstat/Title19/T19CH5.pdf","50177","898fb47650f4ed3a8db594b0e1db7b0cac4a11ab0ea91eee85950b0c5c560e0f","True",""
"Title19-T19CH50.pdf","https://legislature.idaho.gov/wp-content/uploads/statutesrules/idstat/Title19/T19CH50.pdf","54335","68ddd77401d233f7b1c766c4f5ab173b141d831996bf64c65b047c7af89c1139","True",""
"Title19-T19CH51.pdf","https://legislature.idaho.gov/wp-content/uploads/statutesrules/idstat/Title19/T19CH51.pdf","77469","b6b89494e7d6fa3df4922df8c442a5e0e4df12cf681cfecdf2c1d72209970c13","True",""
"Title19-T19CH52.pdf","https://legislature.idaho.gov/wp-content/uploads/statutesrules/idstat/Title19/T19CH52.pdf","41406","770fb3c35f840605c8e9faf029e6568ecab910ca1d0309b8b1d63b268c794ac2","True",""
"Title19-T19CH53.pdf","https://legislature.idaho.gov/wp-content/uploads/statutesrules/idstat/Title19/T19CH53.pdf","70882","8e45cbbcb8f02ecce636eef1a0775ff72e3a352cf7a97f4aa0729dc9d354f124","True",""
"Title19-T19CH54.pdf","https://legislature.idaho.gov/wp-content/uploads/statutesrules/idstat/Title19/T19CH54.pdf","27760","1d69ac215f8ebe97734d5c93eb5f2c05577fa86c91decec8223ea484837b5063","True",""
"Title19-T19CH55.pdf","https://legislature.idaho.gov/wp-content/uploads/statutesrules/idstat/Title19/T19CH55.pdf","81170","a35c5050fb3ce71c062eb82a0831a62187d3498c34c11df3b2676ddc6a423ae8","True",""
"Title19-T19CH56.pdf","https://legislature.idaho.gov/wp-content/uploads/statutesrules/idstat/Title19/T19CH56.pdf","43934","3773f1050410c6aaf8d115f7f49f5ebb38ac80f2acbc4abeac6238668681c152","True",""
"Title19-T19CH57.pdf","https://legislature.idaho.gov/wp-content/uploads/statutesrules/idstat/Title19/T19CH57.pdf","53771","24591755f9f751e801aab0392dad1004693a6aac77c6b9905f602289331cfebe","True",""
"Title19-T19CH58.pdf","https://legislature.idaho.gov/wp-content/uploads/statutesrules/idstat/Title19/T19CH58.pdf","42521","187472ef0cc570a0d6a774ca05f197acbf8fd49e47ecbf5232be4d5e984b6999","True",""
"Title19-T19CH59.pdf","https://legislature.idaho.gov/wp-content/uploads/statutesrules/idstat/Title19/T19CH59.pdf","42742","8b2d57e78e5173f8f3cd48dc7968ed1e71a51602bb19ea33afd04dfdb3552c24","True",""
"Title19-T19CH6.pdf","https://legislature.idaho.gov/wp-content/uploads/statutesrules/idstat/Title19/T19CH6.pdf","58236","1d73bcb1c1006d5c52ab1cb250ff3cbc9ac6b13cd9429bded36a834c6053d3a3","True",""
"Title19-T19CH60.pdf","https://legislature.idaho.gov/wp-content/uploads/statutesrules/idstat/Title19/T19CH60.pdf","112890","2873df53f6451d1f4b8695da8199fddd4d2723182266be3c0c390663c7fe5ace","True",""
"Title19-T19CH61.pdf","https://legislature.idaho.gov/wp-content/uploads/statutesrules/idstat/Title19/T19CH61.pdf","38261","a44aa3cf2e36f62811ac7c00287fc7e24a79eea2ee639187ccf17c69c5841d14","True",""
"Title19-T19CH62.pdf","https://legislature.idaho.gov/wp-content/uploads/statutesrules/idstat/Title19/T19CH62.pdf","41032","0b41267f6433a3165b38df2cdcd2344a3f11946eaafe3c5c42cb7dfc871de9b8","True",""
"Title19-T19CH63.pdf","https://legislature.idaho.gov/wp-content/uploads/statutesrules/idstat/Title19/T19CH63.pdf","36370","5b1398f5313e42ab3247576d21ccb01407c3081821a0526a4f821fd665abda07","True",""
"Title19-T19CH7.pdf","https://legislature.idaho.gov/wp-content/uploads/statutesrules/idstat/Title19/T19CH7.pdf","36252","5f1bdabaf71969c853dff46e4597c5600b808691e81aee0ff2e1b4a2eaafabbc","True",""
"Title19-T19CH8.pdf","https://legislature.idaho.gov/wp-content/uploads/statutesrules/idstat/Title19/T19CH8.pdf","55097","2adf8564107caf8cee989089ec1ff6edff92e7a2e22b7b602d6aad63b8971051","True",""
"Title19-T19CH9.pdf","https://legislature.idaho.gov/wp-content/uploads/statutesrules/idstat/Title19/T19CH9.pdf","29925","e385008e768dceff378f32979901866c77d796ddc7073e4d842d054a1d7c56aa","True",""
"Title2-T2CH1.pdf","https://legislature.idaho.gov/wp-content/uploads/statutesrules/idstat/Title2/T2CH1.pdf","34976","807ffa8092fe6703ac1828a38a90dc128a545d441ce68a143b9a95e3428d4fd4","True",""
"Title2-T2CH2.pdf","https://legislature.idaho.gov/wp-content/uploads/statutesrules/idstat/Title2/T2CH2.pdf","77895","bb138256a4e62ebcceb891d017b0be7f923f59349b044d07750f00b632f9b0e9","True",""
"Title2-T2CH5.pdf","https://legislature.idaho.gov/wp-content/uploads/statutesrules/idstat/Title2/T2CH5.pdf","32536","efd42608419eb83e337079686a5ff3fc0152c294791fd26263cf0b8c799220c7","True",""
"Title20-T20CH1.pdf","https://legislature.idaho.gov/wp-content/uploads/statutesrules/idstat/Title20/T20CH1.pdf","51866","ff370802095fb43c37fa3d7f0a9b04d37d6457cf112acec715e46e39d50fe938","True",""
"Title20-T20CH10.pdf","https://legislature.idaho.gov/wp-content/uploads/statutesrules/idstat/Title20/T20CH10.pdf","89062","027443f8d25882d01c9ebe0120d9cc8fb980306afbd55091e8cd4b7379b3b60a","True",""
"Title20-T20CH2.pdf","https://legislature.idaho.gov/wp-content/uploads/statutesrules/idstat/Title20/T20CH2.pdf","186074","1d5c7881317e8726f709e353b6f9a24191fc0dc303b735ac19a12d2ea8ab5ff6","True",""
"Title20-T20CH3.pdf","https://legislature.idaho.gov/wp-content/uploads/statutesrules/idstat/Title20/T20CH3.pdf","81035","e1dbc6380b995aa28bd425f3a1ba407bca486446f72ec3c32100d5896e85c7f3","True",""
"Title20-T20CH4.pdf","https://legislature.idaho.gov/wp-content/uploads/statutesrules/idstat/Title20/T20CH4.pdf","58010","35f48fec725386ec9500330dc05ed26b51f8d2e59e60e21358783eadc852de9f","True",""
"Title20-T20CH5.pdf","https://legislature.idaho.gov/wp-content/uploads/statutesrules/idstat/Title20/T20CH5.pdf","268745","d5b41c4eb6c27508536bfb487f318ab2b2436002750866d3d16212bd93cf5f12","True",""
"Title20-T20CH6.pdf","https://legislature.idaho.gov/wp-content/uploads/statutesrules/idstat/Title20/T20CH6.pdf","75871","40ea34079b4291c61eadf792b02d9f1970b25a08d649a7bff43275e0a828d2f2","True",""
"Title20-T20CH7.pdf","https://legislature.idaho.gov/wp-content/uploads/statutesrules/idstat/Title20/T20CH7.pdf","50575","a5fed4e5915ba6306b5f8ee6e8bea6395b84278c512c9277c64f241089a75b1d","True",""
"Title20-T20CH8.pdf","https://legislature.idaho.gov/wp-content/uploads/statutesrules/idstat/Title20/T20CH8.pdf","87236","f2bfd33071daeec158d9a7190d2ea9745c02e77b99eada58980906702d8adc15","True",""
"Title20-T20CH9.pdf","https://legislature.idaho.gov/wp-content/uploads/statutesrules/idstat/Title20/T20CH9.pdf","35381","858600bd69bf884b0cee3cd437734585aa9953b8fea0afd4b4e525b547940610","True",""
"Title21-T21CH1.pdf","https://legislature.idaho.gov/wp-content/uploads/statutesrules/idstat/Title21/T21CH1.pdf","121706","20fbf88ef19a5f9dbc693921360abe453aa89c304385c6c89d3fcb8d72568159","True",""
"Title21-T21CH2.pdf","https://legislature.idaho.gov/wp-content/uploads/statutesrules/idstat/Title21/T21CH2.pdf","46147","1ff936d62a191e3a27e00c22c70da8146091e261f9fb9ca9714676d3b84947ce","True",""
"Title21-T21CH4.pdf","https://legislature.idaho.gov/wp-content/uploads/statutesrules/idstat/Title21/T21CH4.pdf","38851","d7135f6cd8bea1b64182402393844d44d32459d832b1d0556cd7abb87343fd70","True",""
"Title21-T21CH5.pdf","https://legislature.idaho.gov/wp-content/uploads/statutesrules/idstat/Title21/T21CH5.pdf","54592","186ef06125f36005cecd6c4257f1f70f83e1f28f29b0dcf45531019411b9709c","True",""
"Title21-T21CH6.pdf","https://legislature.idaho.gov/wp-content/uploads/statutesrules/idstat/Title21/T21CH6.pdf","34731","31f63c539e88fc61aafaa5977401ff6f6b0cb245ecb76eae63f0adb698ff6a1f","True",""
"Title21-T21CH7.pdf","https://legislature.idaho.gov/wp-content/uploads/statutesrules/idstat/Title21/T21CH7.pdf","36910","d863e4cc489fe260aed77ce8f2bcbcf1b2ab747ba890eed183746e1c8ae6dc91","True",""
"Title21-T21CH8.pdf","https://legislature.idaho.gov/wp-content/uploads/statutesrules/idstat/Title21/T21CH8.pdf","101915","46af3361426da83d8b138fe909f6f8155e1437c92f34d122ee0a699557939e9d","True",""
"Title22-T22CH1.pdf","https://legislature.idaho.gov/wp-content/uploads/statutesrules/idstat/Title22/T22CH1.pdf","84146","9727d7b88396a21f648c9e45c6bbb564e6be03e52b4581c21452a14e002987cf","True",""
"Title22-T22CH10.pdf","https://legislature.idaho.gov/wp-content/uploads/statutesrules/idstat/Title22/T22CH10.pdf","30470","7aa50599e5e56d0134f58cb1e552c0b587e09e17ea14eaf9ee240d1d51bf6338","True",""
"Title22-T22CH11.pdf","https://legislature.idaho.gov/wp-content/uploads/statutesrules/idstat/Title22/T22CH11.pdf","47847","242e19535822b25de3e54aac5a8341fc4f5d94946a02b170c460a0ddafd0a584","True",""
"Title22-T22CH12.pdf","https://legislature.idaho.gov/wp-content/uploads/statutesrules/idstat/Title22/T22CH12.pdf","78173","22fe8a1880abbcf3db651732b15b89ef3e7b3c8fb5bd64060e45d52ef9f6db17","True",""
"Title22-T22CH15.pdf","https://legislature.idaho.gov/wp-content/uploads/statutesrules/idstat/Title22/T22CH15.pdf","46366","5a53468f31beba88e04563ff0a221078b2bed08fa3d368346374043aeca1c64b","True",""
"Title22-T22CH16.pdf","https://legislature.idaho.gov/wp-content/uploads/statutesrules/idstat/Title22/T22CH16.pdf","36319","1ac48e0587de44a16815df1be3f8923fa3adeec22252f223aedc4fa847586e7b","True",""
"Title22-T22CH17.pdf","https://legislature.idaho.gov/wp-content/uploads/statutesrules/idstat/Title22/T22CH17.pdf","42099","711da5d6f2ff40dc99c740190245907a2a7ccda0be938d5254afee44500635ef","True",""
"Title22-T22CH19.pdf","https://legislature.idaho.gov/wp-content/uploads/statutesrules/idstat/Title22/T22CH19.pdf","61299","29588576e272f0f8f144712a5ed6fffecb19cac21fc5afc2337918627c882689","True",""
"Title22-T22CH2.pdf","https://legislature.idaho.gov/wp-content/uploads/statutesrules/idstat/Title22/T22CH2.pdf","54362","ecfd95f85010e7b69d068048df8d7155efcbafaf99bb74d69e1a41b7945243da","True",""
"Title22-T22CH20.pdf","https://legislature.idaho.gov/wp-content/uploads/statutesrules/idstat/Title22/T22CH20.pdf","96771","829387c5b20737fa19ca702161d42d1be5dfce28f9233bedfbd1a9af6bf8ff16","True",""
"Title22-T22CH22.pdf","https://legislature.idaho.gov/wp-content/uploads/statutesrules/idstat/Title22/T22CH22.pdf","87285","71406333f1b119e9e8f84a0237bdcd4a1529011b73779b8f0b1ddd3d51956f16","True",""
"Title22-T22CH23.pdf","https://legislature.idaho.gov/wp-content/uploads/statutesrules/idstat/Title22/T22CH23.pdf","75441","c3dca88d148071b891bd1fc1a51e89989f3d5729789cfc5efed58d60bf68a026","True",""
"Title22-T22CH24.pdf","https://legislature.idaho.gov/wp-content/uploads/statutesrules/idstat/Title22/T22CH24.pdf","87425","b25f092b1eeb7fb787b1872e2c70b3a0731489175d6df3139e2ed4d312aa6097","True",""
"Title22-T22CH25.pdf","https://legislature.idaho.gov/wp-content/uploads/statutesrules/idstat/Title22/T22CH25.pdf","54169","7acd638bb89542034c00e76370ef2b1a157e837d9226058d25e616765c8f4f6c","True",""
"Title22-T22CH26.pdf","https://legislature.idaho.gov/wp-content/uploads/statutesrules/idstat/Title22/T22CH26.pdf","81293","ffd530c23fbebbe0cff5316a146b9cc6abc70878a8a8a4a476c617209d12b226","True",""
"Title22-T22CH27.pdf","https://legislature.idaho.gov/wp-content/uploads/statutesrules/idstat/Title22/T22CH27.pdf","135174","f71ecb124c6e7bb1d0db0abf687677fd6537b35f4064c31d15c176f638e30636","True",""
"Title22-T22CH28.pdf","https://legislature.idaho.gov/wp-content/uploads/statutesrules/idstat/Title22/T22CH28.pdf","58204","a85aacf0eda54e4d5d84f787ed802b0c7c967b1cdb22f24a73d0bd53eb29d5dc","True",""
"Title22-T22CH29.pdf","https://legislature.idaho.gov/wp-content/uploads/statutesrules/idstat/Title22/T22CH29.pdf","64245","97a92e90d1943c685aeb53e04179a35d4ae240e6043cf040b2a17ce77eeadf64","True",""
"Title22-T22CH3.pdf","https://legislature.idaho.gov/wp-content/uploads/statutesrules/idstat/Title22/T22CH3.pdf","49006","b4883cd3e2159af916054f9a6c4dbcc48d77ab1ff3f7e88fffa671dd4e72c3fd","True",""
"Title22-T22CH31.pdf","https://legislature.idaho.gov/wp-content/uploads/statutesrules/idstat/Title22/T22CH31.pdf","80348","5578105f5dd435a5cc2f054e0e263138b85942ec022baa1feec9d2e315e30bb5","True",""
"Title22-T22CH33.pdf","https://legislature.idaho.gov/wp-content/uploads/statutesrules/idstat/Title22/T22CH33.pdf","61429","76566c5e686ff72ad1ca3c9b2636d4665df4dbeb78103fd4327015135e928f49","True",""
"Title22-T22CH34.pdf","https://legislature.idaho.gov/wp-content/uploads/statutesrules/idstat/Title22/T22CH34.pdf","108832","03566b8f760442f09244eeff3d382f5a1de5ccafd7f46389c678ec72e7a848a7","True",""
"Title22-T22CH35.pdf","https://legislature.idaho.gov/wp-content/uploads/statutesrules/idstat/Title22/T22CH35.pdf","60769","82e7dc904df9c24caf65f52501c8c46bb31382c858116497514e0f5e87da4241","True",""
"Title22-T22CH36.pdf","https://legislature.idaho.gov/wp-content/uploads/statutesrules/idstat/Title22/T22CH36.pdf","59119","5a7b56aaf36580598ba33659d96f37b08e443b891063bd8c4849da2d84da4e2d","True",""
"Title22-T22CH37.pdf","https://legislature.idaho.gov/wp-content/uploads/statutesrules/idstat/Title22/T22CH37.pdf","56474","469ef538fa936b7ecde296632132cbc7e3369a65c52a0980907a9c2b31093b76","True",""
"Title22-T22CH38.pdf","https://legislature.idaho.gov/wp-content/uploads/statutesrules/idstat/Title22/T22CH38.pdf","73714","0b6e13fc153ed7a44f33104965ccf7be5cebb9ffb628a71b472735c2c2b2f114","True",""
"Title22-T22CH39.pdf","https://legislature.idaho.gov/wp-content/uploads/statutesrules/idstat/Title22/T22CH39.pdf","35616","602b7adaac9c4b610595579970eecff2aa4be2bd9849230a94d0f635db8b7b02","True",""
"Title22-T22CH4.pdf","https://legislature.idaho.gov/wp-content/uploads/statutesrules/idstat/Title22/T22CH4.pdf","101091","a8da0ccb5cb88e895c2a54342754af25a1f13f7a4156692d70d18c7694cc68cd","True",""
"Title22-T22CH40.pdf","https://legislature.idaho.gov/wp-content/uploads/statutesrules/idstat/Title22/T22CH40.pdf","71743","729b6abe0c0e8cc3e4525b29860e8523d24ade670488686a8975e30108ad4b83","True",""
"Title22-T22CH42.pdf","https://legislature.idaho.gov/wp-content/uploads/statutesrules/idstat/Title22/T22CH42.pdf","60909","70df46d47c5f90706a9936a75f63d71cb634cb227728cb5136ddde418bc3c4d7","True",""
"Title22-T22CH45.pdf","https://legislature.idaho.gov/wp-content/uploads/statutesrules/idstat/Title22/T22CH45.pdf","42019","0cd68b3277e8f7051efb2feb1abc74182fc993e3e37c8943b01e08819378a352","True",""
"Title22-T22CH46.pdf","https://legislature.idaho.gov/wp-content/uploads/statutesrules/idstat/Title22/T22CH46.pdf","38964","eb37a52395f87911822a68daecd0158f602855ae6c9cabdd485de77fe7376b93","True",""
"Title22-T22CH47.pdf","https://legislature.idaho.gov/wp-content/uploads/statutesrules/idstat/Title22/T22CH47.pdf","65836","a88d9fc5da66166c3d131b6cc783034272b90d52546b995a1483005e2b609dbc","True",""
"Title22-T22CH49.pdf","https://legislature.idaho.gov/wp-content/uploads/statutesrules/idstat/Title22/T22CH49.pdf","58069","392374525ea7c73e6df5a10dd645d570e755cb87dcfe0a7648636605eaa87377","True",""
"Title22-T22CH5.pdf","https://legislature.idaho.gov/wp-content/uploads/statutesrules/idstat/Title22/T22CH5.pdf","51264","f747d7a018d341acafd995f82cbeede82f626e0abd7004e38abb030cf40b3a57","True",""
"Title22-T22CH50.pdf","https://legislature.idaho.gov/wp-content/uploads/statutesrules/idstat/Title22/T22CH50.pdf","28620","f5d1fb148bb9284e5677656574daf0ef45889c3fa93e5aab1730252a0e8f6dc9","True",""
"Title22-T22CH51.pdf","https://legislature.idaho.gov/wp-content/uploads/statutesrules/idstat/Title22/T22CH51.pdf","99105","6aae17c3a24c294edd394302bb83ad3174b2af0d6d33908deab90208e70b59c0","True",""
"Title22-T22CH53.pdf","https://legislature.idaho.gov/wp-content/uploads/statutesrules/idstat/Title22/T22CH53.pdf","48878","65239938b89221bc465475b283a93676af24ca3ef3b3238f9497241df8dc5deb","True",""
"Title22-T22CH54.pdf","https://legislature.idaho.gov/wp-content/uploads/statutesrules/idstat/Title22/T22CH54.pdf","42884","61eb567693033f7d1f024df3c48673a5420fa2798bcaeb09ad8d1de05066bb89","True",""
"Title22-T22CH55.pdf","https://legislature.idaho.gov/wp-content/uploads/statutesrules/idstat/Title22/T22CH55.pdf","32981","a3f78b51128c6ab88df21d0f90bbebc788a10cf0c22f2cd84e957fba9e0d40fe","True",""
"Title22-T22CH6.pdf","https://legislature.idaho.gov/wp-content/uploads/statutesrules/idstat/Title22/T22CH6.pdf","87777","a3aa125c746c72c1c773d73b9921c1324ca156628bac91b965b8e9d3ffbf442b","True",""
"Title22-T22CH7.pdf","https://legislature.idaho.gov/wp-content/uploads/statutesrules/idstat/Title22/T22CH7.pdf","42352","1f0d83f2af8c0679abf1a761df8b86b0639c6bab51ed551ac2952ffb1317d5c1","True",""
"Title22-T22CH8.pdf","https://legislature.idaho.gov/wp-content/uploads/statutesrules/idstat/Title22/T22CH8.pdf","39649","8397387b8020c8e050492a2a7585cc6d09b8e07f22472230537f0a1d78a1582a","True",""
"Title22-T22CH9.pdf","https://legislature.idaho.gov/wp-content/uploads/statutesrules/idstat/Title22/T22CH9.pdf","60825","561ad2258047f2c020d8f5a20fd93d20fe4aa25bd9f88aebaf355a18fa8b07a1","True",""
"Title23-T23CH1.pdf","https://legislature.idaho.gov/wp-content/uploads/statutesrules/idstat/Title23/T23CH1.pdf","32127","4f804080a5a6c67dda4b41fbd862ae545821a5d79e0c48d8148725fe949bba2f","True",""
"Title23-T23CH10.pdf","https://legislature.idaho.gov/wp-content/uploads/statutesrules/idstat/Title23/T23CH10.pdf","185926","22517e07ac10a5c192e450f584cbd26ff96902a1ad4919fd233b12c3ba593f10","True",""
"Title23-T23CH11.pdf","https://legislature.idaho.gov/wp-content/uploads/statutesrules/idstat/Title23/T23CH11.pdf","72496","a29148c79bdeeb6f50675dbb6f7d3f927008857bca9dae9c9426464683cf56ba","True",""
"Title23-T23CH13.pdf","https://legislature.idaho.gov/wp-content/uploads/statutesrules/idstat/Title23/T23CH13.pdf","164736","2ef56b061f563fd100b56d8f51e95554924de1798b9a66ccf2303d690403c1d7","True",""
"Title23-T23CH14.pdf","https://legislature.idaho.gov/wp-content/uploads/statutesrules/idstat/Title23/T23CH14.pdf","41441","dc9e3f89739308b3d4caf5c44bf5d1892a41225a4171583137c230280773cb53","True",""
"Title23-T23CH2.pdf","https://legislature.idaho.gov/wp-content/uploads/statutesrules/idstat/Title23/T23CH2.pdf","49751","b99919bf76ba7ac23ff09263f40fb1cd5ddd9f9fdc0344bcde0a5fe271540ac0","True",""
"Title23-T23CH3.pdf","https://legislature.idaho.gov/wp-content/uploads/statutesrules/idstat/Title23/T23CH3.pdf","59769","d85d14c8a7d5819f3d38360b94e8343584206aa90e9d4ccb58bc50210bb286da","True",""
"Title23-T23CH4.pdf","https://legislature.idaho.gov/wp-content/uploads/statutesrules/idstat/Title23/T23CH4.pdf","50926","8ac014310cf5f6514eae06e6ff0301cd3d1d659f7026477571a3ee65663430b7","True",""
"Title23-T23CH5.pdf","https://legislature.idaho.gov/wp-content/uploads/statutesrules/idstat/Title23/T23CH5.pdf","60947","7b74ff499f9c8766bb38b7d3b080ebf47d46e1deee7e88b0d0ac80855c18b80d","True",""
"Title23-T23CH6.pdf","https://legislature.idaho.gov/wp-content/uploads/statutesrules/idstat/Title23/T23CH6.pdf","64701","376def028d7d84a2f5411632430ea80ec11ece9b98817d85b55bdd9043da14dc","True",""
"Title23-T23CH7.pdf","https://legislature.idaho.gov/wp-content/uploads/statutesrules/idstat/Title23/T23CH7.pdf","40357","43466cfe3f64532b0eb293abcce20635499f612af46d2fa03b86fe3ffb2df1b1","True",""
"Title23-T23CH8.pdf","https://legislature.idaho.gov/wp-content/uploads/statutesrules/idstat/Title23/T23CH8.pdf","46256","f6b95abf0db1316f8cf2c892bceaaff1484942b6014eec0481067ff770fe37f7","True",""
"Title23-T23CH9.pdf","https://legislature.idaho.gov/wp-content/uploads/statutesrules/idstat/Title23/T23CH9.pdf","238971","20be2e4452b0918df558606a325dd10126b2c6d59a2804d7bcb37350b2879107","True",""
"Title25-T25CH1.pdf","https://legislature.idaho.gov/wp-content/uploads/statutesrules/idstat/Title25/T25CH1.pdf","99127","ca19e51c77f1d1989b894a51102645dff134b45ab17d4a607fda78b43e29ac60","True",""
"Title25-T25CH10.pdf","https://legislature.idaho.gov/wp-content/uploads/statutesrules/idstat/Title25/T25CH10.pdf","32834","7adfce61b1a207a547cfcf5e93f9afbd3265c3c23935fcace371904913198a3b","True",""
"Title25-T25CH11.pdf","https://legislature.idaho.gov/wp-content/uploads/statutesrules/idstat/Title25/T25CH11.pdf","127319","5b3ed5177fc05b805341da54f28638bdc70ab93c43fc87d1f1611ac36eb89b48","True",""
"Title25-T25CH13.pdf","https://legislature.idaho.gov/wp-content/uploads/statutesrules/idstat/Title25/T25CH13.pdf","35083","c2aed43a4d7606d9ad03df2fbe390217ca4e5772c7da071c407f0606b967dd4e","True",""
"Title25-T25CH16.pdf","https://legislature.idaho.gov/wp-content/uploads/statutesrules/idstat/Title25/T25CH16.pdf","30263","e9b5d7e2d8a65f4003ee7e0f716f63e662f0dd24c73d768d8d4f567e19c852a8","True",""
"Title25-T25CH17.pdf","https://legislature.idaho.gov/wp-content/uploads/statutesrules/idstat/Title25/T25CH17.pdf","64782","f7e4ae58bb7bed8428daf8e1fbece577c6827383be15301ebf5d19ca6aa7a5cc","True",""
"Title25-T25CH19.pdf","https://legislature.idaho.gov/wp-content/uploads/statutesrules/idstat/Title25/T25CH19.pdf","37944","205c98076b990d6e14b2987579aab09139845b3bec489c782c7d4dce7232263c","True",""
"Title25-T25CH2.pdf","https://legislature.idaho.gov/wp-content/uploads/statutesrules/idstat/Title25/T25CH2.pdf","114722","942ee4745c14580f86ed421a828f4fa07f69ae13de837e3ac373cc5ab7c33ab3","True",""
"Title25-T25CH20.pdf","https://legislature.idaho.gov/wp-content/uploads/statutesrules/idstat/Title25/T25CH20.pdf","31132","4984c75ec392a76a95410063b812f976eed49ef7ac805991f6c52a45cb80a998","True",""
"Title25-T25CH21.pdf","https://legislature.idaho.gov/wp-content/uploads/statutesrules/idstat/Title25/T25CH21.pdf","44904","621dc28f58c22de80d87ff8dfd52ddc75b6e99fe086c46e1dd2b445ac5590446","True",""
"Title25-T25CH22.pdf","https://legislature.idaho.gov/wp-content/uploads/statutesrules/idstat/Title25/T25CH22.pdf","41540","7960a75a884317f985c23a367cb3ac96a2311057f24b6c742f7e49058af9bd4e","True",""
"Title25-T25CH23.pdf","https://legislature.idaho.gov/wp-content/uploads/statutesrules/idstat/Title25/T25CH23.pdf","49253","a007c41de0326096eccfa6c1c22fd9444f0d6118991ff1f0ae3c5dd34e91895d","True",""
"Title25-T25CH24.pdf","https://legislature.idaho.gov/wp-content/uploads/statutesrules/idstat/Title25/T25CH24.pdf","59243","130608ef5b89d2df523487ffeb49f81469d7fdcb28a075c094c3769df9f95cd8","True",""
"Title25-T25CH25.pdf","https://legislature.idaho.gov/wp-content/uploads/statutesrules/idstat/Title25/T25CH25.pdf","54015","3ce36aeea7e0989bfe77e11ff364721f052b671ea7f4d621b4ad2d855c699e9d","True",""
"Title25-T25CH26.pdf","https://legislature.idaho.gov/wp-content/uploads/statutesrules/idstat/Title25/T25CH26.pdf","58291","e1e5f4aafdff1bb9034ac89613eafd535af502b044bcf12a6457255a30ce6a32","True",""
"Title25-T25CH27.pdf","https://legislature.idaho.gov/wp-content/uploads/statutesrules/idstat/Title25/T25CH27.pdf","93379","a0d803f110f8313b1f4b850f88f4d6d54f23811caea7edaa1a43840a9848e8a4","True",""
"Title25-T25CH28.pdf","https://legislature.idaho.gov/wp-content/uploads/statutesrules/idstat/Title25/T25CH28.pdf","63186","94561aa1ac50f55b6ea41d5ba07a25f686d3bd61a52be5bce4f4017bae47484b","True",""
"Title25-T25CH29.pdf","https://legislature.idaho.gov/wp-content/uploads/statutesrules/idstat/Title25/T25CH29.pdf","46041","eb06f98a530838e327053ae3853b4df037629b24f2efaeba101823161dad2b34","True",""
"Title25-T25CH3.pdf","https://legislature.idaho.gov/wp-content/uploads/statutesrules/idstat/Title25/T25CH3.pdf","41625","cbea237ae6c7a556cf1b623414281d47fe7984eb816b9a9b0d0241ba6e4913d3","True",""
"Title25-T25CH30.pdf","https://legislature.idaho.gov/wp-content/uploads/statutesrules/idstat/Title25/T25CH30.pdf","38078","c7b4faf461757cbb03cb5518491a453cf7c1362344d3074aa2c1f1e4acf1d258","True",""
"Title25-T25CH31.pdf","https://legislature.idaho.gov/wp-content/uploads/statutesrules/idstat/Title25/T25CH31.pdf","68767","8be3f6577da0f8123344870aba00b734864b953e37b846c467701f60f3362971","True",""
"Title25-T25CH32.pdf","https://legislature.idaho.gov/wp-content/uploads/statutesrules/idstat/Title25/T25CH32.pdf","42204","fa7e6aa709f310b0de45d791ac34683c4a6f7b475f76b9c21d5f30a727b9c7b2","True",""
"Title25-T25CH33.pdf","https://legislature.idaho.gov/wp-content/uploads/statutesrules/idstat/Title25/T25CH33.pdf","45111","71a1c487e17aa15a80cd5b9346eae6f21442e759af2d6873b664084364f1ea28","True",""
"Title25-T25CH34.pdf","https://legislature.idaho.gov/wp-content/uploads/statutesrules/idstat/Title25/T25CH34.pdf","39954","89b750dffb565ede8a8469af0ad1e1c756a146ddc00ace9d87a1f45f3fdfa1b5","True",""
"Title25-T25CH35.pdf","https://legislature.idaho.gov/wp-content/uploads/statutesrules/idstat/Title25/T25CH35.pdf","106444","895a0de345ead630f6c43c029afb77ed0ca04b6d120a6cf6d4891e33ed5e5289","True",""
"Title25-T25CH36.pdf","https://legislature.idaho.gov/wp-content/uploads/statutesrules/idstat/Title25/T25CH36.pdf","37608","d111a3ca7416006326b2163eabcfe9e5435cf4058741829f4019a6b6981d7900","True",""
"Title25-T25CH37.pdf","https://legislature.idaho.gov/wp-content/uploads/statutesrules/idstat/Title25/T25CH37.pdf","59243","7fddd8b888a214484e86f9c8b4ba7ae895d35ef92cf03c0d037622754452f62f","True",""
"Title25-T25CH38.pdf","https://legislature.idaho.gov/wp-content/uploads/statutesrules/idstat/Title25/T25CH38.pdf","54993","1969551442d4cced7e5a100f44302d56a72652ab9417835aef5fecb44ea1c631","True",""
"Title25-T25CH39.pdf","https://legislature.idaho.gov/wp-content/uploads/statutesrules/idstat/Title25/T25CH39.pdf","37107","3d3dd72d69504165ebb7868a534353765d710699f60fcf6e9eda43105d3b0802","True",""
"Title25-T25CH4.pdf","https://legislature.idaho.gov/wp-content/uploads/statutesrules/idstat/Title25/T25CH4.pdf","34215","fcf1477406bed62ff32fc7fbdb167cd008de168ad591d60dcc5efc048c76e8c3","True",""
"Title25-T25CH40.pdf","https://legislature.idaho.gov/wp-content/uploads/statutesrules/idstat/Title25/T25CH40.pdf","68022","41cc5f277224ef28ab6b481041e2e5012a5e730d0e847f9022acbf7ccd14c65f","True",""
"Title25-T25CH6.pdf","https://legislature.idaho.gov/wp-content/uploads/statutesrules/idstat/Title25/T25CH6.pdf","71217","c74719e537b1e1ad6d975e4f0a0402d0be8d0caace2528547402865a229c5b27","True",""
"Title25-T25CH8.pdf","https://legislature.idaho.gov/wp-content/uploads/statutesrules/idstat/Title25/T25CH8.pdf","46757","023b632ab23f482441946f5b1b995cc7072077a0de1c7c7d8340dcbdbee73469","True",""
"Title25-T25CH9.pdf","https://legislature.idaho.gov/wp-content/uploads/statutesrules/idstat/Title25/T25CH9.pdf","31789","3c7b33d88efde98c338a09ad1cf132bb84a9a21d5e7c395aff25c69d3b8d6404","True",""
"Title26-T26CH1.pdf","https://legislature.idaho.gov/wp-content/uploads/statutesrules/idstat/Title26/T26CH1.pdf","56003","1527ee95aa97a081a3a618c39eabac1e928805bbf1187eef900c8dc7aa534d72","True",""
"Title26-T26CH10.pdf","https://legislature.idaho.gov/wp-content/uploads/statutesrules/idstat/Title26/T26CH10.pdf","82062","956134ff1fa45716bc6dbf3af83a56d9b95363a38b5cb420a61d3043e441c6a4","True",""
"Title26-T26CH11.pdf","https://legislature.idaho.gov/wp-content/uploads/statutesrules/idstat/Title26/T26CH11.pdf","75840","36d77e3661dac1e97592a6d703464ec8ed11ed1b57bbcdeea1db10703b63e7b5","True",""
"Title26-T26CH12.pdf","https://legislature.idaho.gov/wp-content/uploads/statutesrules/idstat/Title26/T26CH12.pdf","53166","7683c4428f6d67d1f30d6bd3099612f454e99b81f079a0dbfbcedebd26ef0d04","True",""
"Title26-T26CH14.pdf","https://legislature.idaho.gov/wp-content/uploads/statutesrules/idstat/Title26/T26CH14.pdf","46966","8d5d6c9cdee33d3b262dda024a6880d176d47a714a6bcecc5047aa91ee7d3bad","True",""
"Title26-T26CH15.pdf","https://legislature.idaho.gov/wp-content/uploads/statutesrules/idstat/Title26/T26CH15.pdf","29176","71f3a30be98203e1f373fbf52197aa83b63ad872f67be8cb9e152512cae85854","True",""
"Title26-T26CH16.pdf","https://legislature.idaho.gov/wp-content/uploads/statutesrules/idstat/Title26/T26CH16.pdf","39995","b906ab2245f4d70e890db0da401574440e3e9529af7db574808b69af0200cefa","True",""
"Title26-T26CH17.pdf","https://legislature.idaho.gov/wp-content/uploads/statutesrules/idstat/Title26/T26CH17.pdf","66460","01545f2a7af6f270db7b70375cf07969c7d9d73d12ca49dca772d906218aa11d","True",""
"Title26-T26CH18.pdf","https://legislature.idaho.gov/wp-content/uploads/statutesrules/idstat/Title26/T26CH18.pdf","51158","09761e7474072db895cbdf9b984c254416128e804ad97a43f67b170ce377e313","True",""
"Title26-T26CH2.pdf","https://legislature.idaho.gov/wp-content/uploads/statutesrules/idstat/Title26/T26CH2.pdf","74934","07c24f1d8e25ae1aa23953958dad525ad34966aba1e5a064e5ec67e825fd5467","True",""
"Title26-T26CH21.pdf","https://legislature.idaho.gov/wp-content/uploads/statutesrules/idstat/Title26/T26CH21.pdf","249528","6140b353053c100693a48a601aabb802e14fd4ca2872faa3e98ce3ede10fd73e","True",""
"Title26-T26CH22.pdf","https://legislature.idaho.gov/wp-content/uploads/statutesrules/idstat/Title26/T26CH22.pdf","113270","c0425fd2a4dd027da7e7e3b91ea0dd590600bf727843be0d85dd5aaa094a2ca0","True",""
"Title26-T26CH24.pdf","https://legislature.idaho.gov/wp-content/uploads/statutesrules/idstat/Title26/T26CH24.pdf","74148","4b0822a6199822f8a1c4de240a5d2540afa4a2935542ccf2f73cdfc3e49ed864","True",""
"Title26-T26CH25.pdf","https://legislature.idaho.gov/wp-content/uploads/statutesrules/idstat/Title26/T26CH25.pdf","40283","34da5f440d510ce6e04bd6d2a4e52d6366844b72703eafb7e0f3707faebde237","True",""
"Title26-T26CH26.pdf","https://legislature.idaho.gov/wp-content/uploads/statutesrules/idstat/Title26/T26CH26.pdf","61738","e622fae944c683eb50931de0c11137a473c6c483a5018ff676a7db44cf6d7949","True",""
"Title26-T26CH27.pdf","https://legislature.idaho.gov/wp-content/uploads/statutesrules/idstat/Title26/T26CH27.pdf","144999","5bb906ae90a2c2c8cca3407b939d2dab2e557913478609c6ff5770e64e1785a8","True",""
"Title26-T26CH29.pdf","https://legislature.idaho.gov/wp-content/uploads/statutesrules/idstat/Title26/T26CH29.pdf","99511","595dbd928b9e2692c329306750a35068319d20162bdc4ed431afd2b877f382c5","True",""
"Title26-T26CH3.pdf","https://legislature.idaho.gov/wp-content/uploads/statutesrules/idstat/Title26/T26CH3.pdf","47914","9b6716b819e91e2f565df5daf563be73c927cced5d313b7f3a6f6444d2d9fef1","True",""
"Title26-T26CH30.pdf","https://legislature.idaho.gov/wp-content/uploads/statutesrules/idstat/Title26/T26CH30.pdf","35064","cc5942343f35b96dcedbe4e5e5f793229d03d06c7381ef3f3755ec88a78094dc","True",""
"Title26-T26CH31.pdf","https://legislature.idaho.gov/wp-content/uploads/statutesrules/idstat/Title26/T26CH31.pdf","200980","3a0bbf6674ded5f9d9156853d8079d71b9e175a1123877210ec6b4f600d2236c","True",""
"Title26-T26CH32.pdf","https://legislature.idaho.gov/wp-content/uploads/statutesrules/idstat/Title26/T26CH32.pdf","58016","9baadf3dfbafc751c83d8afff4790c04001ddd242883f96bfccdb39e6d5584e9","True",""
"Title26-T26CH33.pdf","https://legislature.idaho.gov/wp-content/uploads/statutesrules/idstat/Title26/T26CH33.pdf","37019","f4ce8ffa913f45ebb7d88bcef092e54d74a825fbc4e573c4860bbd661d944469","True",""
"Title26-T26CH34.pdf","https://legislature.idaho.gov/wp-content/uploads/statutesrules/idstat/Title26/T26CH34.pdf","41480","6b26b6b8bb9e8108b00acc890e10a67d1910ffd83d52bea95c038049b57ac2b4","True",""
"Title26-T26CH35.pdf","https://legislature.idaho.gov/wp-content/uploads/statutesrules/idstat/Title26/T26CH35.pdf","43023","b5ca094f7000450d1c186c7f6ffd21610f30a486a027b4dba18cfb091cc329ba","True",""
"Title26-T26CH36.pdf","https://legislature.idaho.gov/wp-content/uploads/statutesrules/idstat/Title26/T26CH36.pdf","41061","6ef8c7819291a9c0199b7a17f5656c0b32519df91341646f3199e95d034e257d","True",""
"Title26-T26CH37.pdf","https://legislature.idaho.gov/wp-content/uploads/statutesrules/idstat/Title26/T26CH37.pdf","74229","c90466a7d0e1670005bf55c75a92247adb38c3bc60fb59a3f127617ece1b0ead","True",""
"Title26-T26CH38.pdf","https://legislature.idaho.gov/wp-content/uploads/statutesrules/idstat/Title26/T26CH38.pdf","44875","4ecf2bee5d8dff3ce6a41b6a7afbe8ecb296e887a9115d1839e1e0bb3018c43b","True",""
"Title26-T26CH4.pdf","https://legislature.idaho.gov/wp-content/uploads/statutesrules/idstat/Title26/T26CH4.pdf","36005","2f8dcde589c6cfafa7ab4d5b58e1b22b0480726e50fee73032f8f4b9dd6eeb28","True",""
"Title26-T26CH5.pdf","https://legislature.idaho.gov/wp-content/uploads/statutesrules/idstat/Title26/T26CH5.pdf","42363","60651cf5ad3f81cb46e7f1334eeaa8c410e1c02f0eb75a73b23619c957957e19","True",""
"Title26-T26CH6.pdf","https://legislature.idaho.gov/wp-content/uploads/statutesrules/idstat/Title26/T26CH6.pdf","38334","16f79e92b896fd3c9b9959bfafe23003e62f756c1d03d4864b5078f13f6a107d","True",""
"Title26-T26CH7.pdf","https://legislature.idaho.gov/wp-content/uploads/statutesrules/idstat/Title26/T26CH7.pdf","78316","4232f82e83434f037b9a3bff1cfc7c29ef17615d7608a0dbac3a8ec288efdb81","True",""
"Title26-T26CH8.pdf","https://legislature.idaho.gov/wp-content/uploads/statutesrules/idstat/Title26/T26CH8.pdf","38622","3d21ae5d08060a029ec233d317b85c1efa6ad060113158f815db8fd73fb085eb","True",""
"Title26-T26CH9.pdf","https://legislature.idaho.gov/wp-content/uploads/statutesrules/idstat/Title26/T26CH9.pdf","53046","796c7e9a3ddbc1c56a26ad133d1cecdf34d1987e09089035125e1fd594e615dd","True",""
"Title27-T27CH1.pdf","https://legislature.idaho.gov/wp-content/uploads/statutesrules/idstat/Title27/T27CH1.pdf","112398","0e9c33cb471bc0d05a4bd38548e38e3a9439ae2d1867d73b23fb0bf085a21abe","True",""
"Title27-T27CH2.pdf","https://legislature.idaho.gov/wp-content/uploads/statutesrules/idstat/Title27/T27CH2.pdf","31821","58be1adc29c5423dbb43b048a8b24439cc4670c815086ef4c3b2661bee9468a3","True",""
"Title27-T27CH3.pdf","https://legislature.idaho.gov/wp-content/uploads/statutesrules/idstat/Title27/T27CH3.pdf","36630","4ff087db4985f4584af84dcacd2bee2b4794920f6147fd60336f93298e8bd878","True",""
"Title27-T27CH4.pdf","https://legislature.idaho.gov/wp-content/uploads/statutesrules/idstat/Title27/T27CH4.pdf","61990","6f1e9115c19635298c173782e73bbadbd58005a1672f73bdab28369fc90615d5","True",""
"Title27-T27CH5.pdf","https://legislature.idaho.gov/wp-content/uploads/statutesrules/idstat/Title27/T27CH5.pdf","45148","064afe5446d3b29044ec88a70925ac21fda85588c36a485fc5aa6556dd6ea995","True",""
"Title28-T28CH1.pdf","https://legislature.idaho.gov/wp-content/uploads/statutesrules/idstat/Title28/T28CH1.pdf","82966","cdca7b4bbaa69581fcc25cb3106dc50d2701aa4f820320227b3ff2cb63037b13","True",""
"Title28-T28CH10.pdf","https://legislature.idaho.gov/wp-content/uploads/statutesrules/idstat/Title28/T28CH10.pdf","39285","243ccc95b1e5c6ed6369c0990854e8c574cc5185082e3a401cc7b7568f89d1ff","True",""
"Title28-T28CH11.pdf","https://legislature.idaho.gov/wp-content/uploads/statutesrules/idstat/Title28/T28CH11.pdf","38346","1c1c5451daf350d69a025b90edfd6df4f6e5dc3d2f1ef2c7aee71b2f91683a13","True",""
"Title28-T28CH12.pdf","https://legislature.idaho.gov/wp-content/uploads/statutesrules/idstat/Title28/T28CH12.pdf","234607","add829d69fb51066d38c1f6e5618e7b0a0e9eb1d35251ea03ccd36b19b27b52c","True",""
"Title28-T28CH2.pdf","https://legislature.idaho.gov/wp-content/uploads/statutesrules/idstat/Title28/T28CH2.pdf","233199","fe1d22b3ede0e9c961532e6e93419486df51b26c55a5ba6dc006e7b1859c96b2","True",""
"Title28-T28CH21.pdf","https://legislature.idaho.gov/wp-content/uploads/statutesrules/idstat/Title28/T28CH21.pdf","32673","36ee181dee06df0aa63bef2b6cace82b120d2828c4dde97e03705a5ab502d0a3","True",""
"Title28-T28CH22.pdf","https://legislature.idaho.gov/wp-content/uploads/statutesrules/idstat/Title28/T28CH22.pdf","48037","58292a0a9cdde926380ad2047a6f5d4b1e5b21035d27aba75c5aa00c77978cd7","True",""
"Title28-T28CH23.pdf","https://legislature.idaho.gov/wp-content/uploads/statutesrules/idstat/Title28/T28CH23.pdf","57489","2fb97e9f83643d8d846d0d860ee6e7e683f89f51f91a482b7a819f83b774c6a1","True",""
"Title28-T28CH24.pdf","https://legislature.idaho.gov/wp-content/uploads/statutesrules/idstat/Title28/T28CH24.pdf","72219","a3eceb533ddb76325199911b33779db8a9c1c9b81bf4a5890af14947a3688e01","True",""
"Title28-T28CH3.pdf","https://legislature.idaho.gov/wp-content/uploads/statutesrules/idstat/Title28/T28CH3.pdf","209454","cb8599ec5d4069cf6ea622152c31a8085adf17944ee7aff794e5f3de850b64b8","True",""
"Title28-T28CH36.pdf","https://legislature.idaho.gov/wp-content/uploads/statutesrules/idstat/Title28/T28CH36.pdf","50866","b9270fb05f745929213340be87e725d2b3f8fdab0124206bef583fcc55de741a","True",""
"Title28-T28CH4.pdf","https://legislature.idaho.gov/wp-content/uploads/statutesrules/idstat/Title28/T28CH4.pdf","245516","372d74be7de3a2fdd5dfe3b7d4a9673f7b1344f6705c579ae0b96a9e592613f0","True",""
"Title28-T28CH41.pdf","https://legislature.idaho.gov/wp-content/uploads/statutesrules/idstat/Title28/T28CH41.pdf","85359","a6b3a8d2c907691ad72fff962b39e8df43f1b5389fa0d09d1cfc55c03b66feea","True",""
"Title28-T28CH42.pdf","https://legislature.idaho.gov/wp-content/uploads/statutesrules/idstat/Title28/T28CH42.pdf","67179","844bdafd96f8fb6b72b4ad380d2ca2c5dde1fcbe7226b354ce9f7ca20e9e113a","True",""
"Title28-T28CH43.pdf","https://legislature.idaho.gov/wp-content/uploads/statutesrules/idstat/Title28/T28CH43.pdf","60004","c5c4a3759ffff3b5bac91a6a2146e11376a41550c24b52e2077d47df123a9936","True",""
"Title28-T28CH44.pdf","https://legislature.idaho.gov/wp-content/uploads/statutesrules/idstat/Title28/T28CH44.pdf","69405","3683e1c43a729c8381cc354e5952454584fb3b160235d757744994b1f1672796","True",""
"Title28-T28CH45.pdf","https://legislature.idaho.gov/wp-content/uploads/statutesrules/idstat/Title28/T28CH45.pdf","70134","ca5ee9dadd03ad0db5644e24dd8327c5ed71b7f15eced0edc8848dfbf5dafc6e","True",""
"Title28-T28CH46.pdf","https://legislature.idaho.gov/wp-content/uploads/statutesrules/idstat/Title28/T28CH46.pdf","150522","f7309e4add5ee418415dd586461f538de3036d9967258422984f9796e4a2ee7d","True",""
"Title28-T28CH49.pdf","https://legislature.idaho.gov/wp-content/uploads/statutesrules/idstat/Title28/T28CH49.pdf","32875","6b33a2237fe9e796ea0c7dd7268e9d03377a4f46d904abc678d279f90871f006","True",""
"Title28-T28CH5.pdf","https://legislature.idaho.gov/wp-content/uploads/statutesrules/idstat/Title28/T28CH5.pdf","84210","f14e3ced4c320fe117d6ede9e5d0659de903960e0faf67b697f481c70c12f3e3","True",""
"Title28-T28CH50.pdf","https://legislature.idaho.gov/wp-content/uploads/statutesrules/idstat/Title28/T28CH50.pdf","71316","99f0e7956f61c4859f2f9ddfa166528f6a3299591223449bdac810ed45e69448","True",""
"Title28-T28CH51.pdf","https://legislature.idaho.gov/wp-content/uploads/statutesrules/idstat/Title28/T28CH51.pdf","50190","b71ebbf58de0a4e73fa72c645209a293444067ce9c804052467163e9cc7e73cc","True",""
"Title28-T28CH52.pdf","https://legislature.idaho.gov/wp-content/uploads/statutesrules/idstat/Title28/T28CH52.pdf","63841","c5159bedef60654855c05ba93c37450e3b7a9b21699bae698464800bd06bae0c","True",""
"Title28-T28CH53.pdf","https://legislature.idaho.gov/wp-content/uploads/statutesrules/idstat/Title28/T28CH53.pdf","40891","cd9f5cbeca3f428963356959f996efd27dffc85214fa2d1dbc96d20ef17756e3","True",""
"Title28-T28CH7.pdf","https://legislature.idaho.gov/wp-content/uploads/statutesrules/idstat/Title28/T28CH7.pdf","122042","a0795cc74a12937e03e6755972636f389e58f769975b80f9d0075e419060cac8","True",""
"Title28-T28CH8.pdf","https://legislature.idaho.gov/wp-content/uploads/statutesrules/idstat/Title28/T28CH8.pdf","156795","5aade155f0f355e61e00b1c198a137adcb61fe37b52967f3ff75c6a3445c06dd","True",""
"Title28-T28CH9.pdf","https://legislature.idaho.gov/wp-content/uploads/statutesrules/idstat/Title28/T28CH9.pdf","617032","f42b6be511c027aac9edcacf7815764ad8db2979b5a956b17fa87d5cdc32e31d","True",""
"Title29-T29CH1.pdf","https://legislature.idaho.gov/wp-content/uploads/statutesrules/idstat/Title29/T29CH1.pdf","49746","d79aaf4ff4d221d5b15959721271a93351ff2aec30284c27c3ecbd6e8c17ff73","True",""
"Title3-T3CH1.pdf","https://legislature.idaho.gov/wp-content/uploads/statutesrules/idstat/Title3/T3CH1.pdf","32689","6ba32da9c53308c460f1a0a8de81222ea0c849a4064f2cac471cc96bdf0d1ffa","True",""
"Title3-T3CH2.pdf","https://legislature.idaho.gov/wp-content/uploads/statutesrules/idstat/Title3/T3CH2.pdf","34615","1d2939f76402d021f8ebb9b0c7e428ad082ab3f45f6390878cd0e8a2602c45c9","True",""
"Title3-T3CH3.pdf","https://legislature.idaho.gov/wp-content/uploads/statutesrules/idstat/Title3/T3CH3.pdf","33344","88789e4c4d8dfb9a979a6a701f02c80c67ed11591b9c908ec4d877880d4e5c11","True",""
"Title3-T3CH4.pdf","https://legislature.idaho.gov/wp-content/uploads/statutesrules/idstat/Title3/T3CH4.pdf","64066","c99adde00ff19b8c55644ab12039c6ac581fc072703c74bfe609d99111358b49","True",""
"Title30-T30CH14.pdf","https://legislature.idaho.gov/wp-content/uploads/statutesrules/idstat/Title30/T30CH14.pdf","345198","7718a486bd9854240e914d63a8ae00e262607fc8b03156719f1d6320ef155577","True",""
"Title30-T30CH15.pdf","https://legislature.idaho.gov/wp-content/uploads/statutesrules/idstat/Title30/T30CH15.pdf","76988","dbf707e09b80a69b5d86f8e42c85d3b46efa2b592bc56b3667564deaf10a771f","True",""
"Title30-T30CH16.pdf","https://legislature.idaho.gov/wp-content/uploads/statutesrules/idstat/Title30/T30CH16.pdf","82235","b934ec5697f5df221069e1c200160ceaa84bded40df7ea0acb17cdd41ea5c4e4","True",""
"Title30-T30CH17.pdf","https://legislature.idaho.gov/wp-content/uploads/statutesrules/idstat/Title30/T30CH17.pdf","76970","592adf1239307be89585c68b331dac43498c465dc54b71f46648fcf55928df3f","True",""
"Title30-T30CH19.pdf","https://legislature.idaho.gov/wp-content/uploads/statutesrules/idstat/Title30/T30CH19.pdf","45099","f7867d721eace95171f3b72140c18f85cf00c34fc591220db124c26402a59630","True",""
"Title30-T30CH2.pdf","https://legislature.idaho.gov/wp-content/uploads/statutesrules/idstat/Title30/T30CH2.pdf","34780","b669d6d6647593977647bf9fac860f1b6b281eedb284fd22021ebf804e713157","True",""
"Title30-T30CH20.pdf","https://legislature.idaho.gov/wp-content/uploads/statutesrules/idstat/Title30/T30CH20.pdf","74773","ee36fae52ac192821c7d9b6981017fadca4213b6dcbc3589d37a4fae6b8e67bc","True",""
"Title30-T30CH21.pdf","https://legislature.idaho.gov/wp-content/uploads/statutesrules/idstat/Title30/T30CH21.pdf","187808","3dd0ba79ea463fc2dec3a1fb37427ac3eda9a3b7170920c8cc5a407eb4ecdffb","True",""
"Title30-T30CH22.pdf","https://legislature.idaho.gov/wp-content/uploads/statutesrules/idstat/Title30/T30CH22.pdf","135347","b1e523409dbff5e3555978af763833c9f664f857b9e38c77d1d684d4370b1066","True",""
"Title30-T30CH23.pdf","https://legislature.idaho.gov/wp-content/uploads/statutesrules/idstat/Title30/T30CH23.pdf","248032","4c14389d74116780d543fcddb9984326d5d41d114f2547bf90dc34d4a7fde18f","True",""
"Title30-T30CH24.pdf","https://legislature.idaho.gov/wp-content/uploads/statutesrules/idstat/Title30/T30CH24.pdf","258484","ee2ddf04167817d9b0efba64aa13380d985a396924f78e5e0d3673cf6cce5fae","True",""
"Title30-T30CH25.pdf","https://legislature.idaho.gov/wp-content/uploads/statutesrules/idstat/Title30/T30CH25.pdf","212291","6f89f090cc77377876859285aaec6d0c3d6d6483f3a23540d2b68f3e22c355ed","True",""
"Title30-T30CH27.pdf","https://legislature.idaho.gov/wp-content/uploads/statutesrules/idstat/Title30/T30CH27.pdf","54572","1cdfef4a18fa704eb1aa91ce14ea9483125dce46adf3de99c359cf30268f21d9","True",""
"Title30-T30CH29.pdf","https://legislature.idaho.gov/wp-content/uploads/statutesrules/idstat/Title30/T30CH29.pdf","653476","52995facc5e6f34428926db599cc2666263f5198734d8796f4a75612d446e974","True",""
"Title30-T30CH30.pdf","https://legislature.idaho.gov/wp-content/uploads/statutesrules/idstat/Title30/T30CH30.pdf","259699","1a1455d51f2cba3312885c033aee701abca6dddfab237086f2200f08184d7d16","True",""
"Title30-T30CH5.pdf","https://legislature.idaho.gov/wp-content/uploads/statutesrules/idstat/Title30/T30CH5.pdf","40685","dcdf41a524d32e177074d73561108548376d13bd2a3592b3bfeb805ca4df6041","True",""
"Title30-T30CH7.pdf","https://legislature.idaho.gov/wp-content/uploads/statutesrules/idstat/Title30/T30CH7.pdf","32456","0f1a9cfdde090017e814091de9d504b3d64bb21ebf03404758a0b6b3cdd4848e","True",""
"Title30-T30CH8.pdf","https://legislature.idaho.gov/wp-content/uploads/statutesrules/idstat/Title30/T30CH8.pdf","33939","70eafe181bd5bcac8bf46057f2404d074fe253d4fb4a559478e381d5a338f8cc","True",""
"Title30-T30CH9.pdf","https://legislature.idaho.gov/wp-content/uploads/statutesrules/idstat/Title30/T30CH9.pdf","80298","565daa4145416a912b0ed419bb6dfc60e38df88b176e3f8afeb803a3c141b10e","True",""
"Title31-T31CH1.pdf","https://legislature.idaho.gov/wp-content/uploads/statutesrules/idstat/Title31/T31CH1.pdf","208896","7ce6a622ea7593a4031ba5ab3cbe5da06f7049db0277494462fe4c2c7117dfac","True",""
"Title31-T31CH10.pdf","https://legislature.idaho.gov/wp-content/uploads/statutesrules/idstat/Title31/T31CH10.pdf","58271","2df6a993ebfe6a8e6271c3414235108f8b7fb10d23b6fd23d27ecd3e6a70952e","True",""
"Title31-T31CH14.pdf","https://legislature.idaho.gov/wp-content/uploads/statutesrules/idstat/Title31/T31CH14.pdf","173071","3abeadf7a08671a4f861437c6e9f2cb0d857913062158d845abcbec6b0eb6d00","True",""
"Title31-T31CH15.pdf","https://legislature.idaho.gov/wp-content/uploads/statutesrules/idstat/Title31/T31CH15.pdf","45608","4d949d1ff843c0ee7301315c4dc892cd7a1be2f88a37dd0817c08ac6ee83655d","True",""
"Title31-T31CH16.pdf","https://legislature.idaho.gov/wp-content/uploads/statutesrules/idstat/Title31/T31CH16.pdf","64407","253d04ef6defb32fac2ffb188ed7314b9c828168f2a94e667da95c4a53acb73e","True",""
"Title31-T31CH17.pdf","https://legislature.idaho.gov/wp-content/uploads/statutesrules/idstat/Title31/T31CH17.pdf","27844","911548c2e4b1b60b4bbd1657b58701ed05bdc4552a3841bdf491242ac4b7551f","True",""
"Title31-T31CH18.pdf","https://legislature.idaho.gov/wp-content/uploads/statutesrules/idstat/Title31/T31CH18.pdf","36624","02ba1c64020a13064b909bea0ab30f7c5f375db4b466c46b765fe114cc77d211","True",""
"Title31-T31CH19.pdf","https://legislature.idaho.gov/wp-content/uploads/statutesrules/idstat/Title31/T31CH19.pdf","46413","75fd7470a87bc595019d4a62f818841a7ec93c55124553bf8057c0a00e81bc5a","True",""
"Title31-T31CH2.pdf","https://legislature.idaho.gov/wp-content/uploads/statutesrules/idstat/Title31/T31CH2.pdf","51426","941fea9e40e0abf00666a4c28d95e554d105f3004cae4e991dc782d1cb965a0b","True",""
"Title31-T31CH20.pdf","https://legislature.idaho.gov/wp-content/uploads/statutesrules/idstat/Title31/T31CH20.pdf","49798","f80278081765ae2cd05b6f143d11fba787a80ecc80cffca1fc0d753de72a67d5","True",""
"Title31-T31CH21.pdf","https://legislature.idaho.gov/wp-content/uploads/statutesrules/idstat/Title31/T31CH21.pdf","53824","5bccd55bc22e7770214cbe597ee346d531048e87112cde34c6267193f7c29a52","True",""
"Title31-T31CH22.pdf","https://legislature.idaho.gov/wp-content/uploads/statutesrules/idstat/Title31/T31CH22.pdf","62559","b849c3b5f3fa91108631d43f7390e3f448b6dbab202fe88a3e945cbec6997f8a","True",""
"Title31-T31CH23.pdf","https://legislature.idaho.gov/wp-content/uploads/statutesrules/idstat/Title31/T31CH23.pdf","35627","1e57d985018101bc99e1c3be1eae011eb8a163a8de76c73e122d6671abdeff97","True",""
"Title31-T31CH24.pdf","https://legislature.idaho.gov/wp-content/uploads/statutesrules/idstat/Title31/T31CH24.pdf","65399","3da4aca694c9dd720137dc8366524b0ea751880cc31c24a2b1d139400c0225d4","True",""
"Title31-T31CH25.pdf","https://legislature.idaho.gov/wp-content/uploads/statutesrules/idstat/Title31/T31CH25.pdf","26530","0d4731ff13b585e7c980b22ceea6e65445f20352a7b08dfb9e036cf7251226c8","True",""
"Title31-T31CH26.pdf","https://legislature.idaho.gov/wp-content/uploads/statutesrules/idstat/Title31/T31CH26.pdf","51263","88ef6479f087f60da93b95ecabd059638af9ea9e2448fa519b030fae2b382f89","True",""
"Title31-T31CH27.pdf","https://legislature.idaho.gov/wp-content/uploads/statutesrules/idstat/Title31/T31CH27.pdf","32149","1be6a70fae8dff0d1cca205334ecd0b4c8d20e7766b175038f7adeb434bf7e1d","True",""
"Title31-T31CH28.pdf","https://legislature.idaho.gov/wp-content/uploads/statutesrules/idstat/Title31/T31CH28.pdf","43475","f2bf485910ecccc2a733b2f79cc66200fbf41c375b57458d43d8d3c2d69a1302","True",""
"Title31-T31CH29.pdf","https://legislature.idaho.gov/wp-content/uploads/statutesrules/idstat/Title31/T31CH29.pdf","36103","315319abe4ee9858b9791d0379735bf322eb971ccc27906c9f7a784f41fcc6d0","True",""
"Title31-T31CH3.pdf","https://legislature.idaho.gov/wp-content/uploads/statutesrules/idstat/Title31/T31CH3.pdf","32656","8a45ae736df829880c4c898954c5061daaeed39db2af0bf53868bd99b847b6e0","True",""
"Title31-T31CH31.pdf","https://legislature.idaho.gov/wp-content/uploads/statutesrules/idstat/Title31/T31CH31.pdf","38625","01ed07ca731fad47efd30fc11ba31d8efbf4ae880f76c538acc9f861582211bf","True",""
"Title31-T31CH32.pdf","https://legislature.idaho.gov/wp-content/uploads/statutesrules/idstat/Title31/T31CH32.pdf","182531","eca619c8132064e910676de3b33f40b5dd769826fb76fe1c69c7a063149849a5","True",""
"Title31-T31CH33.pdf","https://legislature.idaho.gov/wp-content/uploads/statutesrules/idstat/Title31/T31CH33.pdf","34117","7c57deba93f71b9db069b1a1cd1b7835b61ce1b4e3399f9d748f4b9c7037d4b4","True",""
"Title31-T31CH34.pdf","https://legislature.idaho.gov/wp-content/uploads/statutesrules/idstat/Title31/T31CH34.pdf","58094","6e02e7edf59b2f3d94ead0660afd0565980efb29ad21e51405ad4c36a97d2df1","True",""
"Title31-T31CH35.pdf","https://legislature.idaho.gov/wp-content/uploads/statutesrules/idstat/Title31/T31CH35.pdf","60696","62298300a4683d5641f20f63da4c46f6f09ea72d928962004035312d5ad896cb","True",""
"Title31-T31CH36.pdf","https://legislature.idaho.gov/wp-content/uploads/statutesrules/idstat/Title31/T31CH36.pdf","71513","16382a921c85c4feadd6ba85710f5e81985989bf1c52cc08a580a1402b15d4b7","True",""
"Title31-T31CH37.pdf","https://legislature.idaho.gov/wp-content/uploads/statutesrules/idstat/Title31/T31CH37.pdf","50102","f30e0dafe3e598652f74a86c73e0278d1b3238d1236d98f1c59b28cdfd929ec7","True",""
"Title31-T31CH38.pdf","https://legislature.idaho.gov/wp-content/uploads/statutesrules/idstat/Title31/T31CH38.pdf","38157","55ac045b636dabdd3d55e49010dcbb8aab25763617ee8ae573fd98576691adb2","True",""
"Title31-T31CH39.pdf","https://legislature.idaho.gov/wp-content/uploads/statutesrules/idstat/Title31/T31CH39.pdf","112511","9b769d0be8874db655f9b24ac6b60c16c812442af19ae0281034c95d35f7ed5d","True",""
"Title31-T31CH4.pdf","https://legislature.idaho.gov/wp-content/uploads/statutesrules/idstat/Title31/T31CH4.pdf","55998","b86689ad8e0ee8e40499beecadfb2ab2a84d6245a217b34ba4e54bfb2a18332d","True",""
"Title31-T31CH41.pdf","https://legislature.idaho.gov/wp-content/uploads/statutesrules/idstat/Title31/T31CH41.pdf","57464","03d9ce189a3360a3a9fe5bb4796a5ba52f0fcda9e643a32c2ebba6aa9cdd6d02","True",""
"Title31-T31CH42.pdf","https://legislature.idaho.gov/wp-content/uploads/statutesrules/idstat/Title31/T31CH42.pdf","92416","529063f6b5633f3c9ce19579596a217d063eac6434c0b28dbed11501fd95d244","True",""
"Title31-T31CH43.pdf","https://legislature.idaho.gov/wp-content/uploads/statutesrules/idstat/Title31/T31CH43.pdf","113446","af645db9eaf959c87bb96afbcfcc97685b5695feec26de64c52181e2837066f2","True",""
"Title31-T31CH44.pdf","https://legislature.idaho.gov/wp-content/uploads/statutesrules/idstat/Title31/T31CH44.pdf","58214","c65cce98cc9d606f1b9c020071a5c9b29fbd62dc1194fe62a4c3a7c88fea2e36","True",""
"Title31-T31CH45.pdf","https://legislature.idaho.gov/wp-content/uploads/statutesrules/idstat/Title31/T31CH45.pdf","70341","eab7b7ef58b0106ee284b7dad600dfdb3d52627d2fc0fab2835a3f9e4bfe9260","True",""
"Title31-T31CH46.pdf","https://legislature.idaho.gov/wp-content/uploads/statutesrules/idstat/Title31/T31CH46.pdf","39354","53d99a75f74636c28a74b2d17f80e42d5a1b18113c42deafaf8680c426ff861a","True",""
"Title31-T31CH47.pdf","https://legislature.idaho.gov/wp-content/uploads/statutesrules/idstat/Title31/T31CH47.pdf","48378","c4875d467544bc241cd4441e74b36d9ca1520d2a4feec1a0cefd44b1190cf784","True",""
"Title31-T31CH48.pdf","https://legislature.idaho.gov/wp-content/uploads/statutesrules/idstat/Title31/T31CH48.pdf","123484","2a6d06dde39bae21152f73f648671138f0a032d8b4172ca5856fb0cd18119648","True",""
"Title31-T31CH49.pdf","https://legislature.idaho.gov/wp-content/uploads/statutesrules/idstat/Title31/T31CH49.pdf","66023","c121002d9ef6ac9a4e5c25ed7f8dfefe0f27ba2caa77426ae08a4115a967d95b","True",""
"Title31-T31CH5.pdf","https://legislature.idaho.gov/wp-content/uploads/statutesrules/idstat/Title31/T31CH5.pdf","35087","ded1b8f9ba480f47f1e1bbff765d483d3b7ff888580125d6cd30c11126dee48e","True",""
"Title31-T31CH50.pdf","https://legislature.idaho.gov/wp-content/uploads/statutesrules/idstat/Title31/T31CH50.pdf","49135","eeff8323ac8a15160dfce5b93a41c86a622513ef262a173b7cdc66430dd3bc58","True",""
"Title31-T31CH51.pdf","https://legislature.idaho.gov/wp-content/uploads/statutesrules/idstat/Title31/T31CH51.pdf","40908","cad20de8982266dff72366086dd83e8b9ecfeaa2b638a2ae95940c92d8213f13","True",""
"Title31-T31CH52.pdf","https://legislature.idaho.gov/wp-content/uploads/statutesrules/idstat/Title31/T31CH52.pdf","62435","60079f5550575e00b1c82d4f50b3771b8ab971e21d75909bfdc76c4f13d6882b","True",""
"Title31-T31CH53.pdf","https://legislature.idaho.gov/wp-content/uploads/statutesrules/idstat/Title31/T31CH53.pdf","56148","066ebb7114b4207ff3609c34fd1545d849af8299ec6b3b69db4b8d8abaaa6045","True",""
"Title31-T31CH54.pdf","https://legislature.idaho.gov/wp-content/uploads/statutesrules/idstat/Title31/T31CH54.pdf","48699","3918c89ab7bff38848e20047eb128f2e3a941744fdbbb06da7882c4688f480a5","True",""
"Title31-T31CH55.pdf","https://legislature.idaho.gov/wp-content/uploads/statutesrules/idstat/Title31/T31CH55.pdf","53704","58afeea8b854258d39f02bde2f8e2341cd04c38a7c850060b586ad9373a47d74","True",""
"Title31-T31CH56.pdf","https://legislature.idaho.gov/wp-content/uploads/statutesrules/idstat/Title31/T31CH56.pdf","53672","4cfff36ffdad5061b3b8607773f80412a6a1cd766bc4d9dea2d3a1bfa9ca2e75","True",""
"Title31-T31CH57.pdf","https://legislature.idaho.gov/wp-content/uploads/statutesrules/idstat/Title31/T31CH57.pdf","37462","f6676fcf76e924719f155b2f8885ad8e0f56068162627a47361403ba0ae0bb0f","True",""
"Title31-T31CH58.pdf","https://legislature.idaho.gov/wp-content/uploads/statutesrules/idstat/Title31/T31CH58.pdf","45459","435ef495f9f08da98cf3897d8e95ee9c5524290183d6f103d6b2e9c8578f80b0","True",""
"Title31-T31CH6.pdf","https://legislature.idaho.gov/wp-content/uploads/statutesrules/idstat/Title31/T31CH6.pdf","33415","70a66d85278d47b86f446e736f7eaff374f6b2a38ee7bb2ad478c9d060bdc1df","True",""
"Title31-T31CH7.pdf","https://legislature.idaho.gov/wp-content/uploads/statutesrules/idstat/Title31/T31CH7.pdf","53156","e8ed6d5641800fda8a0b025a7468272cdabcd98f3d2ac5c14083efb584013298","True",""
"Title31-T31CH8.pdf","https://legislature.idaho.gov/wp-content/uploads/statutesrules/idstat/Title31/T31CH8.pdf","147587","bdd79c95b3c4cdc295126391233fc85fada8818ee93624c4e463f4f0a3bb8572","True",""
"Title31-T31CH9.pdf","https://legislature.idaho.gov/wp-content/uploads/statutesrules/idstat/Title31/T31CH9.pdf","42476","958782624767f4a792e1732599297799e23a2200d4f0f1b9c808abf8f26b0314","True",""
"Title32-T32CH1.pdf","https://legislature.idaho.gov/wp-content/uploads/statutesrules/idstat/Title32/T32CH1.pdf","35830","8a8389d373d94134a65a73952e40dc5b990bcce1128ae9713f93cc662de87916","True",""
"Title32-T32CH10.pdf","https://legislature.idaho.gov/wp-content/uploads/statutesrules/idstat/Title32/T32CH10.pdf","71796","8b5b6bcc20e4a4e31293185340afbce8a34b064d676ae86c96e29c814f62495b","True",""
"Title32-T32CH11.pdf","https://legislature.idaho.gov/wp-content/uploads/statutesrules/idstat/Title32/T32CH11.pdf","118015","10b3871c3b1f9d7110e09928ffb6740787ba8e52f5a5e04b7cb5adfd29245e35","True",""
"Title32-T32CH12.pdf","https://legislature.idaho.gov/wp-content/uploads/statutesrules/idstat/Title32/T32CH12.pdf","96446","0110803e6395eee53ac857196848d5490f0c9ca339d8f62cb489aa5f8e773f92","True",""
"Title32-T32CH13.pdf","https://legislature.idaho.gov/wp-content/uploads/statutesrules/idstat/Title32/T32CH13.pdf","39076","33b2177bfe84c8d37b91acca2baf7d702caa0d077b674b6b1856ec9c0f2ce692","True",""
"Title32-T32CH14.pdf","https://legislature.idaho.gov/wp-content/uploads/statutesrules/idstat/Title32/T32CH14.pdf","55211","585818dd42ae2d1b12a5d391c140dd5045370fc3117626a33cae74d91041e653","True",""
"Title32-T32CH16.pdf","https://legislature.idaho.gov/wp-content/uploads/statutesrules/idstat/Title32/T32CH16.pdf","59365","95865d43766cd2a611fcceb7ee0b83a6ebed79e212ea06b3f0210bc5987e8cc4","True",""
"Title32-T32CH17.pdf","https://legislature.idaho.gov/wp-content/uploads/statutesrules/idstat/Title32/T32CH17.pdf","46192","9f41de3482343554673bbd83699172c3eee42a11874688506593ef5b09d0ed78","True",""
"Title32-T32CH18.pdf","https://legislature.idaho.gov/wp-content/uploads/statutesrules/idstat/Title32/T32CH18.pdf","43461","b47c6117a1e8ec110699bf0a6643b0dfeeaf121c6e290df8e1040c3ca1b9de51","True",""
"Title32-T32CH2.pdf","https://legislature.idaho.gov/wp-content/uploads/statutesrules/idstat/Title32/T32CH2.pdf","38437","b22214fec34ce68344a281af00e1fa4b66dd86d7c56335222942ff3c0d1567ba","True",""
"Title32-T32CH3.pdf","https://legislature.idaho.gov/wp-content/uploads/statutesrules/idstat/Title32/T32CH3.pdf","38582","da3326ccc997fb2f82e319ff16fa53f043a2711ceb78a5963bbb3a3284ec8093","True",""
"Title32-T32CH4.pdf","https://legislature.idaho.gov/wp-content/uploads/statutesrules/idstat/Title32/T32CH4.pdf","46497","06326def3dccfd5f7f9e1d6b3caec740d812aba80c587dfe617ef085e580446b","True",""
"Title32-T32CH5.pdf","https://legislature.idaho.gov/wp-content/uploads/statutesrules/idstat/Title32/T32CH5.pdf","35472","94a7dc1ffb4e84f500913b97c439e7150183b56db3df7be9f886be27c9ceceb9","True",""
"Title32-T32CH6.pdf","https://legislature.idaho.gov/wp-content/uploads/statutesrules/idstat/Title32/T32CH6.pdf","39267","a9d1507ac57a2236fa1b826860907393731e0333c0e7b8bb408ce1419b31dc66","True",""
"Title32-T32CH7.pdf","https://legislature.idaho.gov/wp-content/uploads/statutesrules/idstat/Title32/T32CH7.pdf","89848","da4e0abb05d904715456b325a744d6586e5c1362c84471f141ed8d9063c28805","True",""
"Title32-T32CH8.pdf","https://legislature.idaho.gov/wp-content/uploads/statutesrules/idstat/Title32/T32CH8.pdf","34582","b357139921d83ec9d1868aad70664d5823de3541e7cd6093daf36baa402c293a","True",""
"Title32-T32CH9.pdf","https://legislature.idaho.gov/wp-content/uploads/statutesrules/idstat/Title32/T32CH9.pdf","57082","feace4c171f9dec861ab62e3ab04cf1c8e192d2b54629fe84c168f7299ac206c","True",""
"Title33-T33CH1.pdf","https://legislature.idaho.gov/wp-content/uploads/statutesrules/idstat/Title33/T33CH1.pdf","187349","dd3580eecc68cabb16404b6c8b6610025e60551b47af2beb174aab31177a8405","True",""
"Title33-T33CH10.pdf","https://legislature.idaho.gov/wp-content/uploads/statutesrules/idstat/Title33/T33CH10.pdf","292709","91dd702d1f914b1af150ec6510315a8c4c90d6e9be4320655b828f2b6369cb5d","True",""
"Title33-T33CH11.pdf","https://legislature.idaho.gov/wp-content/uploads/statutesrules/idstat/Title33/T33CH11.pdf","61145","8db11d5090221df98596a5a2964c925efa2c12589d3bea0cb9514c1789c0269a","True",""
"Title33-T33CH12.pdf","https://legislature.idaho.gov/wp-content/uploads/statutesrules/idstat/Title33/T33CH12.pdf","198135","f7fa42855ae3730616bbca3cf46325e442a665a340bf2af2562bd53c6ba8a325","True",""
"Title33-T33CH13.pdf","https://legislature.idaho.gov/wp-content/uploads/statutesrules/idstat/Title33/T33CH13.pdf","37578","2e45091ab098af06f8569352c7d3fec8e0e5f3bd93a904dc35712ba3e5f862e8","True",""
"Title33-T33CH14.pdf","https://legislature.idaho.gov/wp-content/uploads/statutesrules/idstat/Title33/T33CH14.pdf","62358","c541b746ec9eb903959a07324c74631c67eecb5d707ebb4abef40c53d1392fa6","True",""
"Title33-T33CH15.pdf","https://legislature.idaho.gov/wp-content/uploads/statutesrules/idstat/Title33/T33CH15.pdf","79135","ee11b002eea6814b9736cba2f9e9cfc9f901aa89be95ff9e68b6f7df1bcefaaf","True",""
"Title33-T33CH16.pdf","https://legislature.idaho.gov/wp-content/uploads/statutesrules/idstat/Title33/T33CH16.pdf","171750","56ce2e993d8a8b0df7bee6930eeb62b6e5bf7df92baefafb346281c975fbf831","True",""
"Title33-T33CH17.pdf","https://legislature.idaho.gov/wp-content/uploads/statutesrules/idstat/Title33/T33CH17.pdf","44307","8296ba4781b358742255b00f0cb65116e942e3a96f99f210b475adf2ada84e20","True",""
"Title33-T33CH18.pdf","https://legislature.idaho.gov/wp-content/uploads/statutesrules/idstat/Title33/T33CH18.pdf","66957","ed2ed0e4179725fd8ef253ef21427ef41f77dff14f6baa9513c4fc4911378c0f","True",""
"Title33-T33CH2.pdf","https://legislature.idaho.gov/wp-content/uploads/statutesrules/idstat/Title33/T33CH2.pdf","74438","ce48b9aeeb71b68abec96ea49bc76151798ad4c8fda183df8e669ffdf0c41dec","True",""
"Title33-T33CH20.pdf","https://legislature.idaho.gov/wp-content/uploads/statutesrules/idstat/Title33/T33CH20.pdf","45421","0e0173466782f6f752b5882b115816c5bfbb3e7c64d355886eba101978e6d535","True",""
"Title33-T33CH21.pdf","https://legislature.idaho.gov/wp-content/uploads/statutesrules/idstat/Title33/T33CH21.pdf","200311","b803a6f315ffcfe56eb98b09a41143bcb71f15e88d6dd44e100d1605424b9d7a","True",""
"Title33-T33CH22.pdf","https://legislature.idaho.gov/wp-content/uploads/statutesrules/idstat/Title33/T33CH22.pdf","61448","d2c746b13dea3f6ea44467f2b0bf3323db0f00596c148df1e2dd96145e3100db","True",""
"Title33-T33CH23.pdf","https://legislature.idaho.gov/wp-content/uploads/statutesrules/idstat/Title33/T33CH23.pdf","39752","9f8f3f4d5cffd1378e972af0f60d958b5faf90734b35bdb220c67d7215c9a831","True",""
"Title33-T33CH24.pdf","https://legislature.idaho.gov/wp-content/uploads/statutesrules/idstat/Title33/T33CH24.pdf","61931","336e678aad3b4872c3a676d2a42efd11b8d16c114940adf441949e6d73b1e6b3","True",""
"Title33-T33CH25.pdf","https://legislature.idaho.gov/wp-content/uploads/statutesrules/idstat/Title33/T33CH25.pdf","51991","a7cffd982870fb69fd49a5d64a7bef1142f0bc07f4cb5c407701cc980be02804","True",""
"Title33-T33CH26.pdf","https://legislature.idaho.gov/wp-content/uploads/statutesrules/idstat/Title33/T33CH26.pdf","50906","d0d94d52a0b7583d1190520d8ca1e9a36b2373d41a2a73e3613e9f261a0b4a18","True",""
"Title33-T33CH27.pdf","https://legislature.idaho.gov/wp-content/uploads/statutesrules/idstat/Title33/T33CH27.pdf","147697","14e507d3a6620510d83407c3d143d6d0ba1a6b7eb88d75cd5d99f370cda420ea","True",""
"Title33-T33CH28.pdf","https://legislature.idaho.gov/wp-content/uploads/statutesrules/idstat/Title33/T33CH28.pdf","49644","388da663cff2eff1da8a00c72b074f97f8521a048e7d13eda5629a4464075f55","True",""
"Title33-T33CH29.pdf","https://legislature.idaho.gov/wp-content/uploads/statutesrules/idstat/Title33/T33CH29.pdf","56291","daa45ec02966992df44267011ecac4428509b072ef200096d3650bfa4fbb8620","True",""
"Title33-T33CH3.pdf","https://legislature.idaho.gov/wp-content/uploads/statutesrules/idstat/Title33/T33CH3.pdf","142203","b5c2d2fefdbbbae5c762d9c083ba7626a9ba9292adda148d9e5497fc8557b52d","True",""
"Title33-T33CH30.pdf","https://legislature.idaho.gov/wp-content/uploads/statutesrules/idstat/Title33/T33CH30.pdf","44067","a9d380cb3fc4e9aa19e4f7bf35aa9f5216ed73c1bb48fa6d06f39125b829fa1e","True",""
"Title33-T33CH31.pdf","https://legislature.idaho.gov/wp-content/uploads/statutesrules/idstat/Title33/T33CH31.pdf","42822","adaf4a993bdb696403b58c72591a7aad913a2bae8a6bd3bd21d7f29a7feb4508","True",""
"Title33-T33CH32.pdf","https://legislature.idaho.gov/wp-content/uploads/statutesrules/idstat/Title33/T33CH32.pdf","26703","419e98f36164d00a944ffdd7e5ab82cd3f836a65116a7282ebb76d4383ae8989","True",""
"Title33-T33CH33.pdf","https://legislature.idaho.gov/wp-content/uploads/statutesrules/idstat/Title33/T33CH33.pdf","41605","e7ff9882f5d46f2b25042312e70d73ee37229561fb45922b023a0bf95386e4ee","True",""
"Title33-T33CH34.pdf","https://legislature.idaho.gov/wp-content/uploads/statutesrules/idstat/Title33/T33CH34.pdf","76015","2b9ae33014dba2da238fd7fd21a3193baab91f54e9b6d4bb72efdbd7e82ce9b1","True",""
"Title33-T33CH35.pdf","https://legislature.idaho.gov/wp-content/uploads/statutesrules/idstat/Title33/T33CH35.pdf","28449","830eaafb0dfef2241a2c5372f03e368424725a2379db6fc7f463d058d2345403","True",""
"Title33-T33CH36.pdf","https://legislature.idaho.gov/wp-content/uploads/statutesrules/idstat/Title33/T33CH36.pdf","49859","6f799d6d080439cb7603f049c41d3ed8fefa1d2e3a8c344a03c1c6f01e5ca360","True",""
"Title33-T33CH37.pdf","https://legislature.idaho.gov/wp-content/uploads/statutesrules/idstat/Title33/T33CH37.pdf","108222","fd4e244c1c5b06132373305c830bd1e59c8de191d42bed6df0162e06d4e98738","True",""
"Title33-T33CH38.pdf","https://legislature.idaho.gov/wp-content/uploads/statutesrules/idstat/Title33/T33CH38.pdf","65381","253f1d1e817cb8493c17b9ced8ed1c2fe360b734ec8a3b6114078373b66eec0c","True",""
"Title33-T33CH39.pdf","https://legislature.idaho.gov/wp-content/uploads/statutesrules/idstat/Title33/T33CH39.pdf","40051","fe80404f6aeee41cb153aeb4de25c52db5294a9a013d97a553f78769e3ad5823","True",""
"Title33-T33CH4.pdf","https://legislature.idaho.gov/wp-content/uploads/statutesrules/idstat/Title33/T33CH4.pdf","42828","7ff5fcb87a6509f30b62127cbbe24155785d444254e0c0dbfed33ab8169a2b60","True",""
"Title33-T33CH40.pdf","https://legislature.idaho.gov/wp-content/uploads/statutesrules/idstat/Title33/T33CH40.pdf","38691","c90bdfeaac1bf8b804781339255f0ef10e8d0f302681a17606665d724e58c983","True",""
"Title33-T33CH41.pdf","https://legislature.idaho.gov/wp-content/uploads/statutesrules/idstat/Title33/T33CH41.pdf","75076","610bada20eb31ae6bafc914bae8e15fe228e17ee4cffdfe737edafe48bdf14de","True",""
"Title33-T33CH42.pdf","https://legislature.idaho.gov/wp-content/uploads/statutesrules/idstat/Title33/T33CH42.pdf","27207","e41f5c90e671e74a915d260d9f1320a6e0f80a089f402e5e45592caa0f73e907","True",""
"Title33-T33CH43.pdf","https://legislature.idaho.gov/wp-content/uploads/statutesrules/idstat/Title33/T33CH43.pdf","56904","c68deb4d530d1b76c76125fcb2e432f4da60751793507d52e3cf3bbb1d492fc3","True",""
"Title33-T33CH44.pdf","https://legislature.idaho.gov/wp-content/uploads/statutesrules/idstat/Title33/T33CH44.pdf","46737","4fd1b4c064b68c89283969d379942b0da29118963577cc1b0627e41e8a99d02d","True",""
"Title33-T33CH46.pdf","https://legislature.idaho.gov/wp-content/uploads/statutesrules/idstat/Title33/T33CH46.pdf","56194","3e8704f04e6abae124a37fead15d6c50aed2f5150cac166bb402f237e826e9f7","True",""
"Title33-T33CH47.pdf","https://legislature.idaho.gov/wp-content/uploads/statutesrules/idstat/Title33/T33CH47.pdf","27760","8850272bd98506418b6022a65a7fdf58680a9c7b7dc33b18bd4ce031342a39b7","True",""
"Title33-T33CH48.pdf","https://legislature.idaho.gov/wp-content/uploads/statutesrules/idstat/Title33/T33CH48.pdf","40551","bb865ff18a576656321b807cec2f3a7c8ca1cd789cde3369bbb10630d2e31ddd","True",""
"Title33-T33CH49.pdf","https://legislature.idaho.gov/wp-content/uploads/statutesrules/idstat/Title33/T33CH49.pdf","38316","2222aae926b6d34f3234e658527f7390d9773dbfded84ca59698221f93742125","True",""
"Title33-T33CH5.pdf","https://legislature.idaho.gov/wp-content/uploads/statutesrules/idstat/Title33/T33CH5.pdf","245790","1d341231a09e9dcf59bb9a00b3e4d462b0aa05b88507c3c2fe23864b58c63dd0","True",""
"Title33-T33CH50.pdf","https://legislature.idaho.gov/wp-content/uploads/statutesrules/idstat/Title33/T33CH50.pdf","50274","90f721bfbe300c6f038a601b443a41b210fca12179be7a89489b2d00449335a6","True",""
"Title33-T33CH51.pdf","https://legislature.idaho.gov/wp-content/uploads/statutesrules/idstat/Title33/T33CH51.pdf","41399","a1932fb0d3ebba6f1711b3e4a6312de3d05458df5404dc3a39b36bfb31a5349b","True",""
"Title33-T33CH52.pdf","https://legislature.idaho.gov/wp-content/uploads/statutesrules/idstat/Title33/T33CH52.pdf","172497","e1d5563338c24d5eaf3418f60d9b6ecbccaf168f58753c9840bdd81a185a716d","True",""
"Title33-T33CH53.pdf","https://legislature.idaho.gov/wp-content/uploads/statutesrules/idstat/Title33/T33CH53.pdf","77474","366ef3439a778e4f5beccd22e08af4e19ea5c5b933c382ff722384ab6bcb2664","True",""
"Title33-T33CH54.pdf","https://legislature.idaho.gov/wp-content/uploads/statutesrules/idstat/Title33/T33CH54.pdf","64804","f2d5db03d12daec2d2d1ff2368b092c3f7639741e1dbbd9139d3155f01c5611a","True",""
"Title33-T33CH55.pdf","https://legislature.idaho.gov/wp-content/uploads/statutesrules/idstat/Title33/T33CH55.pdf","71113","81fff9afd64fc570f3392e747b3ab9a047e5156f69ac5e4c2327dbd0bbe1ea32","True",""
"Title33-T33CH56.pdf","https://legislature.idaho.gov/wp-content/uploads/statutesrules/idstat/Title33/T33CH56.pdf","43463","44cb512614e947e39998dc96e926060fa71734205a16b5e31ed6a6c587b870de","True",""
"Title33-T33CH57.pdf","https://legislature.idaho.gov/wp-content/uploads/statutesrules/idstat/Title33/T33CH57.pdf","94925","7d32047854ac9f8c75564d6b49c78d1b6e4867ec25d36fbbd01fce61c95adfd0","True",""
"Title33-T33CH58.pdf","https://legislature.idaho.gov/wp-content/uploads/statutesrules/idstat/Title33/T33CH58.pdf","43914","c408ffccb865a5f9c1815da7986524e7354adeade931f08b16e58ea747dcb6c1","True",""
"Title33-T33CH59.pdf","https://legislature.idaho.gov/wp-content/uploads/statutesrules/idstat/Title33/T33CH59.pdf","42313","5f68859fe28c9c7db12b16017c58cca49e1aa560221b825a7e7023983de5f2f6","True",""
"Title33-T33CH6.pdf","https://legislature.idaho.gov/wp-content/uploads/statutesrules/idstat/Title33/T33CH6.pdf","52993","ba24060a060fea195b53386833acf8717bafa30b14ca61c129e04b1b50332d96","True",""
"Title33-T33CH60.pdf","https://legislature.idaho.gov/wp-content/uploads/statutesrules/idstat/Title33/T33CH60.pdf","39565","954234bb845f095e3fd6f88ac438bbc4964586ed6fb2efb2eec82f17a2336312","True",""
"Title33-T33CH61.pdf","https://legislature.idaho.gov/wp-content/uploads/statutesrules/idstat/Title33/T33CH61.pdf","39064","72893642bf4e9a874045dea86a196961e1092386b343399655f6d2102d0f1a2b","True",""
"Title33-T33CH62.pdf","https://legislature.idaho.gov/wp-content/uploads/statutesrules/idstat/Title33/T33CH62.pdf","44599","dd93dffad19624fa2d37ebd5f16d1d587427321bc410818e60d6d2251d924b8b","True",""
"Title33-T33CH64.pdf","https://legislature.idaho.gov/wp-content/uploads/statutesrules/idstat/Title33/T33CH64.pdf","38976","5075de454bbd70174092dec9ce4af07a377447f0f48808bc7beeb008d56900fc","True",""
"Title33-T33CH65.pdf","https://legislature.idaho.gov/wp-content/uploads/statutesrules/idstat/Title33/T33CH65.pdf","38494","52cbc05e306c37d058967928d5e53d15433e16b26bebb822a303c645f9e5fd7d","True",""
"Title33-T33CH66.pdf","https://legislature.idaho.gov/wp-content/uploads/statutesrules/idstat/Title33/T33CH66.pdf","36821","ce42107d218c7df983d78d85791c4e46c23dd5c19f19a205483f7728a9b6a5a0","True",""
"Title33-T33CH67.pdf","https://legislature.idaho.gov/wp-content/uploads/statutesrules/idstat/Title33/T33CH67.pdf","41469","02d9721d2b07362959056631e41239c6c2f4bdd62a5fdb2cb7f6bcaa8e6c00c0","True",""
"Title33-T33CH68.pdf","https://legislature.idaho.gov/wp-content/uploads/statutesrules/idstat/Title33/T33CH68.pdf","64006","7b4ed2ce7410b249cbe6a91fb6e2db3611140429800696087b1a035977b8b29a","True",""
"Title33-T33CH69.pdf","https://legislature.idaho.gov/wp-content/uploads/statutesrules/idstat/Title33/T33CH69.pdf","31017","d4f1ba32c73c277f229571269939a11287cbe9d8980c79eb1675a8e7d0f70bb5","True",""
"Title33-T33CH7.pdf","https://legislature.idaho.gov/wp-content/uploads/statutesrules/idstat/Title33/T33CH7.pdf","59119","13083eb8ba8a48498844bc1a76b2735091b56e7eeeabc849b6b76c2b94fee803","True",""
"Title33-T33CH70.pdf","https://legislature.idaho.gov/wp-content/uploads/statutesrules/idstat/Title33/T33CH70.pdf","39610","88164d1c3f55480db613a3af30a5a991da9293577f38554a9f9780d65e6f2c6d","True",""
"Title33-T33CH8.pdf","https://legislature.idaho.gov/wp-content/uploads/statutesrules/idstat/Title33/T33CH8.pdf","88203","a3662af9290bb1b21d363928bed6ea6d4f2b1d4e3554bdf2a4d67e2431da9366","True",""
"Title33-T33CH9.pdf","https://legislature.idaho.gov/wp-content/uploads/statutesrules/idstat/Title33/T33CH9.pdf","109645","f6d92017d3b7660bb872ef209077579d103c221d4615e9d496505cefc4c84b3b","True",""
"Title34-T34CH1.pdf","https://legislature.idaho.gov/wp-content/uploads/statutesrules/idstat/Title34/T34CH1.pdf","51855","da83869443dce934ddc9d9215c72752c7edc7e6b693cef9a914da8e2811ac08a","True",""
"Title34-T34CH10.pdf","https://legislature.idaho.gov/wp-content/uploads/statutesrules/idstat/Title34/T34CH10.pdf","73227","03b24aad1e9c75f9395a7662570e7e79b512e2258067f1fe9c73850ec09c1acb","True",""
"Title34-T34CH11.pdf","https://legislature.idaho.gov/wp-content/uploads/statutesrules/idstat/Title34/T34CH11.pdf","49358","557ee54e6f9f1492c54b19c0a600f126b5adf9e98d9bce43f31873096cbba7bb","True",""
"Title34-T34CH12.pdf","https://legislature.idaho.gov/wp-content/uploads/statutesrules/idstat/Title34/T34CH12.pdf","64780","da905a3d750d5702aacd65b670e8a5bc53825bf005884686964e24555a070635","True",""
"Title34-T34CH14.pdf","https://legislature.idaho.gov/wp-content/uploads/statutesrules/idstat/Title34/T34CH14.pdf","61490","f9f58b0ff015c5b4e099a8e4b00c96e07a3ea625d6a0bf559a3b8ac020c2aa97","True",""
"Title34-T34CH15.pdf","https://legislature.idaho.gov/wp-content/uploads/statutesrules/idstat/Title34/T34CH15.pdf","36257","ee57f71e76946cd856082bea2fb1999ec19cb2c83c9250afaf301c9ab815f083","True",""
"Title34-T34CH17.pdf","https://legislature.idaho.gov/wp-content/uploads/statutesrules/idstat/Title34/T34CH17.pdf","72902","82c585fb8c3e09dfad406e3b4dad542463953e7b0d926a6a420847be5ca5aaa7","True",""
"Title34-T34CH18.pdf","https://legislature.idaho.gov/wp-content/uploads/statutesrules/idstat/Title34/T34CH18.pdf","135448","9734da77be02f6edb57a0c924d9dfbc8c63854ea5273a0119d7f153d48778db1","True",""
"Title34-T34CH19.pdf","https://legislature.idaho.gov/wp-content/uploads/statutesrules/idstat/Title34/T34CH19.pdf","26573","624a7a950d6849af392f547f6cb097cf51795f6cb24749dcd43722fb1dae0c0e","True",""
"Title34-T34CH2.pdf","https://legislature.idaho.gov/wp-content/uploads/statutesrules/idstat/Title34/T34CH2.pdf","62936","605af6ba20913ae2492167ad3034beb823bc03393a60d4b8127432554441a1ee","True",""
"Title34-T34CH20.pdf","https://legislature.idaho.gov/wp-content/uploads/statutesrules/idstat/Title34/T34CH20.pdf","65920","fdf897b24ed919279d72c49c841a5a6ddf7e877c3863b76a92853faac041714a","True",""
"Title34-T34CH21.pdf","https://legislature.idaho.gov/wp-content/uploads/statutesrules/idstat/Title34/T34CH21.pdf","77504","6ea51d6c32ab997101d65d31f6d5c678b1f9e9a5248e28bb621a58478ce8c48c","True",""
"Title34-T34CH22.pdf","https://legislature.idaho.gov/wp-content/uploads/statutesrules/idstat/Title34/T34CH22.pdf","54430","8d6895d965de2003373623bde82c0af9a4c342b1e637f622e5e999b62d6bcfab","True",""
"Title34-T34CH23.pdf","https://legislature.idaho.gov/wp-content/uploads/statutesrules/idstat/Title34/T34CH23.pdf","47654","6f5d1744a71309a49c4596f38f47200c0ae4f87786df47aa30b8173bee179bcd","True",""
"Title34-T34CH24.pdf","https://legislature.idaho.gov/wp-content/uploads/statutesrules/idstat/Title34/T34CH24.pdf","77769","b4f7d84ed07e41e34821bdfc808d86e1ea944fb2ff947c554f639018d4e3533f","True",""
"Title34-T34CH3.pdf","https://legislature.idaho.gov/wp-content/uploads/statutesrules/idstat/Title34/T34CH3.pdf","54357","cd36f9bf32ae289ad621e3189908680133fd2efcc96238d7c7abef3d9ef11442","True",""
"Title34-T34CH4.pdf","https://legislature.idaho.gov/wp-content/uploads/statutesrules/idstat/Title34/T34CH4.pdf","98774","17e1f9b4fc91a672194565a0336ecd5f83597a7b4c5a18692800f65616ee72c2","True",""
"Title34-T34CH5.pdf","https://legislature.idaho.gov/wp-content/uploads/statutesrules/idstat/Title34/T34CH5.pdf","42761","f4327881bad293b4a68d71645c5ec9d294ca48c9bd0cb6646f5123434c9d7abe","True",""
"Title34-T34CH6.pdf","https://legislature.idaho.gov/wp-content/uploads/statutesrules/idstat/Title34/T34CH6.pdf","79145","c28cde14e04059d7dcdfc16d76557672e583c50247da92a76c45296b5e17a08f","True",""
"Title34-T34CH7.pdf","https://legislature.idaho.gov/wp-content/uploads/statutesrules/idstat/Title34/T34CH7.pdf","78910","098e1f4156cb15e6b671304db5e2f3b33559ff3763cfa1d98fc91b38d8189a7d","True",""
"Title34-T34CH9.pdf","https://legislature.idaho.gov/wp-content/uploads/statutesrules/idstat/Title34/T34CH9.pdf","78288","64ed8052394bbf228732c22218ac7bc2836a53b9d48e81ac8f4d393f48f7c547","True",""
"Title35-T35CH1.pdf","https://legislature.idaho.gov/wp-content/uploads/statutesrules/idstat/Title35/T35CH1.pdf","48844","1de5e73ea8bfb5fd9a262c1fa8370151120707366c25e9a22ab977f020b89c73","True",""
"Title35-T35CH2.pdf","https://legislature.idaho.gov/wp-content/uploads/statutesrules/idstat/Title35/T35CH2.pdf","27760","17e6f5761611b403f45f6d45ae831c1c76cca45945119264466400b4a781d08d","True",""
"Title35-T35CH3.pdf","https://legislature.idaho.gov/wp-content/uploads/statutesrules/idstat/Title35/T35CH3.pdf","34888","daf871933e1ddf7654d5b1f3fea8bf6fe401be27802d0e56f58d0969aa37a3d1","True",""
"Title36-T36CH1.pdf","https://legislature.idaho.gov/wp-content/uploads/statutesrules/idstat/Title36/T36CH1.pdf","161805","95ed4e6c97fc5cc716cb25fb7a7e4fd017a60d4ded3644fe62d4fc752dbc51bb","True",""
"Title36-T36CH10.pdf","https://legislature.idaho.gov/wp-content/uploads/statutesrules/idstat/Title36/T36CH10.pdf","40513","6a782d14b4e6658abe7309a03b4032150f64432ca589a69c10aa3616bbe700e2","True",""
"Title36-T36CH11.pdf","https://legislature.idaho.gov/wp-content/uploads/statutesrules/idstat/Title36/T36CH11.pdf","103005","d53621109a37fb8488057deb698a19dfb257eb26cf0a585142126fc2eb09d364","True",""
"Title36-T36CH12.pdf","https://legislature.idaho.gov/wp-content/uploads/statutesrules/idstat/Title36/T36CH12.pdf","35133","f7fde09940df9a070435cb028acb4347b494dcb749e48f78a62298737dbffea8","True",""
"Title36-T36CH13.pdf","https://legislature.idaho.gov/wp-content/uploads/statutesrules/idstat/Title36/T36CH13.pdf","48910","aefe2dbc448d5e59e6a7dc1d6fea9c1eacbe4e3fed957decb97df0bfa458e096","True",""
"Title36-T36CH14.pdf","https://legislature.idaho.gov/wp-content/uploads/statutesrules/idstat/Title36/T36CH14.pdf","82390","91758eeaf9025f8423dcdc9c5ae626c296a4f7ba505e713a42a148fefdd6f094","True",""
"Title36-T36CH15.pdf","https://legislature.idaho.gov/wp-content/uploads/statutesrules/idstat/Title36/T36CH15.pdf","48526","a34d8a9bc8975a09ae2997f7439870923bd015be81d8328892b7ebd950fafb6b","True",""
"Title36-T36CH16.pdf","https://legislature.idaho.gov/wp-content/uploads/statutesrules/idstat/Title36/T36CH16.pdf","56087","610fee6862d29c792890eaacb2a1ee350c75803f79fe4e30e32cd9271b8d3866","True",""
"Title36-T36CH17.pdf","https://legislature.idaho.gov/wp-content/uploads/statutesrules/idstat/Title36/T36CH17.pdf","33741","f861cd9b8064c06612a813feaf6eae2b22939d286d511eb10cfda00c598b2819","True",""
"Title36-T36CH18.pdf","https://legislature.idaho.gov/wp-content/uploads/statutesrules/idstat/Title36/T36CH18.pdf","58166","bb8752b171436faf52a03d8294fa7f30a6711575a5891fb8a019a370061cfd6e","True",""
"Title36-T36CH19.pdf","https://legislature.idaho.gov/wp-content/uploads/statutesrules/idstat/Title36/T36CH19.pdf","40504","4078ba746490ff5216daeb92e33d03c17b613e948f963de228ec05bf8b98f090","True",""
"Title36-T36CH2.pdf","https://legislature.idaho.gov/wp-content/uploads/statutesrules/idstat/Title36/T36CH2.pdf","50262","1f372dfe41db10daba4e74e881c58c26cb3da593dc7449031a7e9faddd063073","True",""
"Title36-T36CH20.pdf","https://legislature.idaho.gov/wp-content/uploads/statutesrules/idstat/Title36/T36CH20.pdf","44875","32aa84028d09e512a4f0bbaef7b211be843c6923f14f8720c4887adeaa716e49","True",""
"Title36-T36CH21.pdf","https://legislature.idaho.gov/wp-content/uploads/statutesrules/idstat/Title36/T36CH21.pdf","122171","81f9f4155ab253ca4b6f57bc31b36580e5fce5132d7982de1ed4ffe90808507a","True",""
"Title36-T36CH22.pdf","https://legislature.idaho.gov/wp-content/uploads/statutesrules/idstat/Title36/T36CH22.pdf","49234","404e3082e816a1514987abb5b22a1b08b6992a338f8b83f8f4393b21bc944aab","True",""
"Title36-T36CH23.pdf","https://legislature.idaho.gov/wp-content/uploads/statutesrules/idstat/Title36/T36CH23.pdf","56232","5b54495bf58fd9da38891195695842e6727b3e059d82df89204e584c46dd482a","True",""
"Title36-T36CH24.pdf","https://legislature.idaho.gov/wp-content/uploads/statutesrules/idstat/Title36/T36CH24.pdf","43982","81fca304a4665d6a721d58ce034f0e44971bebed01c6cd7802be50f039fd9025","True",""
"Title36-T36CH3.pdf","https://legislature.idaho.gov/wp-content/uploads/statutesrules/idstat/Title36/T36CH3.pdf","46920","8399b7f1f0e4b871461087bf65aaf9c3884516c32e72582cfb72d44b0199e267","True",""
"Title36-T36CH4.pdf","https://legislature.idaho.gov/wp-content/uploads/statutesrules/idstat/Title36/T36CH4.pdf","180372","2ad05face5d973df2c75865e1096472351492af38f8cd8c746f7bcfccf5d407e","True",""
"Title36-T36CH5.pdf","https://legislature.idaho.gov/wp-content/uploads/statutesrules/idstat/Title36/T36CH5.pdf","58691","0d34a79eda3cbb81da37ee2d7e65f60ec736e619c8a9c8f7d467c47e0aed3eeb","True",""
"Title36-T36CH6.pdf","https://legislature.idaho.gov/wp-content/uploads/statutesrules/idstat/Title36/T36CH6.pdf","43811","f43d5c121046be48421b1455b694a9ba038d66579cbf62e02a091620c00ac6dc","True",""
"Title36-T36CH7.pdf","https://legislature.idaho.gov/wp-content/uploads/statutesrules/idstat/Title36/T36CH7.pdf","66918","b044a3d3edb1b709638ed1e74212bd6cd4645880607369391086e52174309334","True",""
"Title36-T36CH8.pdf","https://legislature.idaho.gov/wp-content/uploads/statutesrules/idstat/Title36/T36CH8.pdf","37351","8713631e462edcddd81584169971183f24b6168e946a7b02ef6f54daa6ac667a","True",""
"Title36-T36CH9.pdf","https://legislature.idaho.gov/wp-content/uploads/statutesrules/idstat/Title36/T36CH9.pdf","44121","12589c414e4fd8c38561a979983c3a81d27706fc0ba08485b7d92b22267ef664","True",""
"Title37-T37CH1.pdf","https://legislature.idaho.gov/wp-content/uploads/statutesrules/idstat/Title37/T37CH1.pdf","116130","c884b0876811e9b36f404feb4cfdc52108f8a6543a733a1db523db845673273a","True",""
"Title37-T37CH11.pdf","https://legislature.idaho.gov/wp-content/uploads/statutesrules/idstat/Title37/T37CH11.pdf","33273","377d18883583cab6d37826b5082fcc01c2697bf330eae629559bc9c33db06ce4","True",""
"Title37-T37CH12.pdf","https://legislature.idaho.gov/wp-content/uploads/statutesrules/idstat/Title37/T37CH12.pdf","36607","98beadeb517627d08d1738d1c556b7a096d1df3b795e8a5d4664f56cdd565b8c","True",""
"Title37-T37CH15.pdf","https://legislature.idaho.gov/wp-content/uploads/statutesrules/idstat/Title37/T37CH15.pdf","60623","1261104b38b9a118acde9ea42f44c6c97ab9d87197003a75dc150af2c5593ef8","True",""
"Title37-T37CH16.pdf","https://legislature.idaho.gov/wp-content/uploads/statutesrules/idstat/Title37/T37CH16.pdf","33571","eada190eef211a75910ee5ab80eecf35112afe05edabba2ed41d8154bfb046c2","True",""
"Title37-T37CH2.pdf","https://legislature.idaho.gov/wp-content/uploads/statutesrules/idstat/Title37/T37CH2.pdf","52656","ef6ac9f01491e61f4deb9d9474e06f1768a9bfa259a1cbdc8d84e34367678408","True",""
"Title37-T37CH21.pdf","https://legislature.idaho.gov/wp-content/uploads/statutesrules/idstat/Title37/T37CH21.pdf","30858","ea779f915596a807544d50d0a89b93014abbd666e25cce3ebd471b867ff352d7","True",""
"Title37-T37CH25.pdf","https://legislature.idaho.gov/wp-content/uploads/statutesrules/idstat/Title37/T37CH25.pdf","49489","398b054de69432facc506b3062ec7ab378dedc1a4ae0040cf9b98bd16866908a","True",""
"Title37-T37CH27.pdf","https://legislature.idaho.gov/wp-content/uploads/statutesrules/idstat/Title37/T37CH27.pdf","341459","829d45ce27157c4fb05e21a125b212244d292b29f124b0f9d0f3ef540885f1f4","True",""
"Title37-T37CH28.pdf","https://legislature.idaho.gov/wp-content/uploads/statutesrules/idstat/Title37/T37CH28.pdf","72886","848b06ae24258b63a24dbba8bb38bb4eb96f47acf7dbd24dbd3f1ac586e0c3db","True",""
"Title37-T37CH3.pdf","https://legislature.idaho.gov/wp-content/uploads/statutesrules/idstat/Title37/T37CH3.pdf","74536","024fe17d212df9fc29bec371406b9a5d30f13a7dca2999a50422968c56f3febb","True",""
"Title37-T37CH33.pdf","https://legislature.idaho.gov/wp-content/uploads/statutesrules/idstat/Title37/T37CH33.pdf","43586","26b93d85c49ff9868eef254b30779fd38f9ea346c3a2c9b070d43b4a7fcebef9","True",""
"Title37-T37CH4.pdf","https://legislature.idaho.gov/wp-content/uploads/statutesrules/idstat/Title37/T37CH4.pdf","72490","e33b05bdd8742dbb7249acc479442f379606ebedcf27a85d9c8d48580f4e32a0","True",""
"Title37-T37CH5.pdf","https://legislature.idaho.gov/wp-content/uploads/statutesrules/idstat/Title37/T37CH5.pdf","53696","c0fabbd743896ccedd4d60d54ecca169f6039bad26dc79b69989539ae03c7c36","True",""
"Title37-T37CH6.pdf","https://legislature.idaho.gov/wp-content/uploads/statutesrules/idstat/Title37/T37CH6.pdf","58334","ae920638864eba9e74642974c6560b5b30fe7cd8f5a2be44ad21f0b8d270dc55","True",""
"Title38-T38CH1.pdf","https://legislature.idaho.gov/wp-content/uploads/statutesrules/idstat/Title38/T38CH1.pdf","139691","f647036bd880ed4a3e3b1efd31d08ec74d994c1155fd37e03397510ce5781b49","True",""
"Title38-T38CH11.pdf","https://legislature.idaho.gov/wp-content/uploads/statutesrules/idstat/Title38/T38CH11.pdf","28948","c3efd9c8681b1058aba8396fb82fb03bea83c9b33a5a7ca2b850b581388aefe2","True",""
"Title38-T38CH12.pdf","https://legislature.idaho.gov/wp-content/uploads/statutesrules/idstat/Title38/T38CH12.pdf","81191","90d468c826b8b55526dde3281e0eb8452232a76037d60345610fe0bd7bdc6664","True",""
"Title38-T38CH13.pdf","https://legislature.idaho.gov/wp-content/uploads/statutesrules/idstat/Title38/T38CH13.pdf","79544","a22d26b8ceb79b4464daf4182ce9adcd6a40d2f6db7a7a068e73622bb6c0d5aa","True",""
"Title38-T38CH14.pdf","https://legislature.idaho.gov/wp-content/uploads/statutesrules/idstat/Title38/T38CH14.pdf","33835","5f30509995250ea72c917fde8c17f92d4c33a18637b495b46751c1ac83a118ce","True",""
"Title38-T38CH15.pdf","https://legislature.idaho.gov/wp-content/uploads/statutesrules/idstat/Title38/T38CH15.pdf","67306","a392f60759b635b241acea170cbf8d1670057f8e83b14ff051dfddb36fc8befd","True",""
"Title38-T38CH16.pdf","https://legislature.idaho.gov/wp-content/uploads/statutesrules/idstat/Title38/T38CH16.pdf","40019","e21265a74d06e0e88cd8fcc3519b577c9720c3d536deacf7e4016e016fdfe9c0","True",""
"Title38-T38CH17.pdf","https://legislature.idaho.gov/wp-content/uploads/statutesrules/idstat/Title38/T38CH17.pdf","38864","ba2991731967fa7bbbd29d2b5e292b5cdc0a22d10c196637e75135cedb3cc45d","True",""
"Title38-T38CH4.pdf","https://legislature.idaho.gov/wp-content/uploads/statutesrules/idstat/Title38/T38CH4.pdf","50663","ac2a5a36419fb367dc85284bbef0d705738f0ed773f9b4b968208b6a96aaf175","True",""
"Title38-T38CH5.pdf","https://legislature.idaho.gov/wp-content/uploads/statutesrules/idstat/Title38/T38CH5.pdf","50464","7f1fd778ae15f077481b0888cbb43a1d06bd5dcb14d5028cd54634a7ad765bd5","True",""
"Title38-T38CH6.pdf","https://legislature.idaho.gov/wp-content/uploads/statutesrules/idstat/Title38/T38CH6.pdf","39157","4bfe23dc6e16da915778ba436b36b3937b4764c650ce2d8e1c44c802c5c17300","True",""
"Title38-T38CH7.pdf","https://legislature.idaho.gov/wp-content/uploads/statutesrules/idstat/Title38/T38CH7.pdf","57074","71b0662c0d51cded2a0ae75f28f4a9f35277aae6853ba3e7ec089cca62a347a1","True",""
"Title38-T38CH8.pdf","https://legislature.idaho.gov/wp-content/uploads/statutesrules/idstat/Title38/T38CH8.pdf","40683","ae9c69ce463a56b9e64502227c3f5db4261889114c78ea0cba69b6845fc090c1","True",""
"Title39-T39CH1.pdf","https://legislature.idaho.gov/wp-content/uploads/statutesrules/idstat/Title39/T39CH1.pdf","290586","a87adbfe52b4aa9d2f0bc8893c118890818db98e1b1d856049d787a505752c06","True",""
"Title39-T39CH10.pdf","https://legislature.idaho.gov/wp-content/uploads/statutesrules/idstat/Title39/T39CH10.pdf","36982","13d8c3f90be1ef4ff18bb98eb0cf29f4a4f95db03cd300203e269b4398f09852","True",""
"Title39-T39CH11.pdf","https://legislature.idaho.gov/wp-content/uploads/statutesrules/idstat/Title39/T39CH11.pdf","101685","ac551db8fec763516cbb615c2364228d90a5f02349829b0b1a18fd4238e3dfcf","True",""
"Title39-T39CH12.pdf","https://legislature.idaho.gov/wp-content/uploads/statutesrules/idstat/Title39/T39CH12.pdf","116849","b41f6e0d2c84d4e1a07abf0ec04f6d186cf935a573386ce5e877529dc472e398","True",""
"Title39-T39CH13.pdf","https://legislature.idaho.gov/wp-content/uploads/statutesrules/idstat/Title39/T39CH13.pdf","208325","3a1cf1e4c2b5fc6859d96c41631ddbd111a95eb445329c43469f523fa97a547a","True",""
"Title39-T39CH14.pdf","https://legislature.idaho.gov/wp-content/uploads/statutesrules/idstat/Title39/T39CH14.pdf","119049","9db1478e882c5e70e1560d3a9886539d7672e33b5d53a2a6e46708513c70de0c","True",""
"Title39-T39CH16.pdf","https://legislature.idaho.gov/wp-content/uploads/statutesrules/idstat/Title39/T39CH16.pdf","57061","720074cbd3bae53cd9846cfda478dab3901103bce78f6d5cc3851a83df34b168","True",""
"Title39-T39CH18.pdf","https://legislature.idaho.gov/wp-content/uploads/statutesrules/idstat/Title39/T39CH18.pdf","48821","9a0cb6fcf1667bbdd7c6ae08055c80e717b482c3d21eb70659f7981d53e55530","True",""
"Title39-T39CH2.pdf","https://legislature.idaho.gov/wp-content/uploads/statutesrules/idstat/Title39/T39CH2.pdf","173479","d3b7a511278521fb2620bd4e34babc3e6bfa25a6ca744f9a2bc602f4187374b6","True",""
"Title39-T39CH21.pdf","https://legislature.idaho.gov/wp-content/uploads/statutesrules/idstat/Title39/T39CH21.pdf","34831","dbd62b6e75176f8edf3a8e8d165921b827fb8d7328a2db74b4e17ae0de818246","True",""
"Title39-T39CH23.pdf","https://legislature.idaho.gov/wp-content/uploads/statutesrules/idstat/Title39/T39CH23.pdf","35971","04d513139e13673d2cee9fa6d3cdd29b1cccada9f200b161ac177222d35cfb6c","True",""
"Title39-T39CH24.pdf","https://legislature.idaho.gov/wp-content/uploads/statutesrules/idstat/Title39/T39CH24.pdf","27760","dca049f33c833e7130c7b99daf507a021eaea4ac8ea44d0e7e84a85f8e532eca","True",""
"Title39-T39CH25.pdf","https://legislature.idaho.gov/wp-content/uploads/statutesrules/idstat/Title39/T39CH25.pdf","51966","50981ae6fd23eff48b69f89dd54bf19d52651e30e22ea47eb43d15e5e5da6b09","True",""
"Title39-T39CH26.pdf","https://legislature.idaho.gov/wp-content/uploads/statutesrules/idstat/Title39/T39CH26.pdf","60861","7473646fc228570aacaa829d3f2493b1be53273a8dfe72f7060597afe6f93f21","True",""
"Title39-T39CH27.pdf","https://legislature.idaho.gov/wp-content/uploads/statutesrules/idstat/Title39/T39CH27.pdf","29151","a4fbf23c99faca48fdeea2301dcbe7edf1be7eee734f887d0ae3adb439e05b7d","True",""
"Title39-T39CH28.pdf","https://legislature.idaho.gov/wp-content/uploads/statutesrules/idstat/Title39/T39CH28.pdf","64248","a6e08e7efdb1143345f97a88dfb7bede0fa5a259072da953324183ddc66b8a14","True",""
"Title39-T39CH3.pdf","https://legislature.idaho.gov/wp-content/uploads/statutesrules/idstat/Title39/T39CH3.pdf","66133","28127fca5bdb63903e36caafe784e3d410325fb5b021203d223f4dc2cdf43df5","True",""
"Title39-T39CH30.pdf","https://legislature.idaho.gov/wp-content/uploads/statutesrules/idstat/Title39/T39CH30.pdf","84830","ca960bffa92d9eeaf088c6bd9ebe58cd7471aede508641f103b9b8bf92e2cb40","True",""
"Title39-T39CH31.pdf","https://legislature.idaho.gov/wp-content/uploads/statutesrules/idstat/Title39/T39CH31.pdf","61029","02b1d8e7bbfb450b858df5b10aff0fa8717e2638b7a47847dfd5cd83eac1579f","True",""
"Title39-T39CH33.pdf","https://legislature.idaho.gov/wp-content/uploads/statutesrules/idstat/Title39/T39CH33.pdf","123339","199ac2e4971c758b99ae9b9e0247781a56967c0856173e394192fa5f92c2a737","True",""
"Title39-T39CH34.pdf","https://legislature.idaho.gov/wp-content/uploads/statutesrules/idstat/Title39/T39CH34.pdf","108257","24e75e0a38c67fa47cb92fc4b33fb419ae9fbd514ad4390b00b094f26c57edce","True",""
"Title39-T39CH35.pdf","https://legislature.idaho.gov/wp-content/uploads/statutesrules/idstat/Title39/T39CH35.pdf","104861","e4f3ceda70d511c3582b30f6c25bd3cf3fdbea9c51b60c16524f89a59f74469f","True",""
"Title39-T39CH36.pdf","https://legislature.idaho.gov/wp-content/uploads/statutesrules/idstat/Title39/T39CH36.pdf","196450","6662f326db8d6b096e25fdb584c9861133c42e82ba4de2967f6e50ac5a0e8c3b","True",""
"Title39-T39CH37.pdf","https://legislature.idaho.gov/wp-content/uploads/statutesrules/idstat/Title39/T39CH37.pdf","37419","210af53ca864386b6c27c4897ddda31765dd06ac9d6fbcab070c5cb649152997","True",""
"Title39-T39CH38.pdf","https://legislature.idaho.gov/wp-content/uploads/statutesrules/idstat/Title39/T39CH38.pdf","27760","f55058675f6594d4fbcb686b09b54b03f800bee7aba493eebe657b57a7b6fd81","True",""
"Title39-T39CH39.pdf","https://legislature.idaho.gov/wp-content/uploads/statutesrules/idstat/Title39/T39CH39.pdf","55059","bfdf6d197811d1329a393a1e570736d0cb3c39d01e092ffec7092e6dc4a46b21","True",""
"Title39-T39CH4.pdf","https://legislature.idaho.gov/wp-content/uploads/statutesrules/idstat/Title39/T39CH4.pdf","91768","4c2f8200b8cbba31c61b510e621fcf3132ddd73e6004c0b071c6b6878bd73b81","True",""
"Title39-T39CH40.pdf","https://legislature.idaho.gov/wp-content/uploads/statutesrules/idstat/Title39/T39CH40.pdf","44479","e94170232cbf96141cfac62468f811eda22b1b0e375be275bd0f215f08f47c90","True",""
"Title39-T39CH41.pdf","https://legislature.idaho.gov/wp-content/uploads/statutesrules/idstat/Title39/T39CH41.pdf","121960","840942477f1d22e63add7c9f2c164db9c7ea12b837469b8f8b91c36cbc147e85","True",""
"Title39-T39CH42.pdf","https://legislature.idaho.gov/wp-content/uploads/statutesrules/idstat/Title39/T39CH42.pdf","35214","e16f6918903b901ade05ddd50e245cce6ae664fa2e58f4533d9be2d25e3c6fcb","True",""
"Title39-T39CH43.pdf","https://legislature.idaho.gov/wp-content/uploads/statutesrules/idstat/Title39/T39CH43.pdf","50244","67e471ce5f8a0d30370192280bed4aa9635a2d6906dc35aa14a8c0823882b014","True",""
"Title39-T39CH44.pdf","https://legislature.idaho.gov/wp-content/uploads/statutesrules/idstat/Title39/T39CH44.pdf","187521","3efebb617be96c848f30509b990962e014690f8ed50611414874e4d847709a0f","True",""
"Title39-T39CH45.pdf","https://legislature.idaho.gov/wp-content/uploads/statutesrules/idstat/Title39/T39CH45.pdf","116969","379d0e4d815814eff8700cf378d1bf9bd517cb9575051932f431502ab1629597","True",""
"Title39-T39CH46.pdf","https://legislature.idaho.gov/wp-content/uploads/statutesrules/idstat/Title39/T39CH46.pdf","39246","125665feba824043aa343097f81a0e185ab79453728ff2238c72b573043f7ecf","True",""
"Title39-T39CH47.pdf","https://legislature.idaho.gov/wp-content/uploads/statutesrules/idstat/Title39/T39CH47.pdf","47266","37ddc9f27f6dbd6628b0a9903e35050e3b623fded744adaf96e0515d5160605b","True",""
"Title39-T39CH48.pdf","https://legislature.idaho.gov/wp-content/uploads/statutesrules/idstat/Title39/T39CH48.pdf","48103","40a7649cdb7d0ae1a531b3a626259ba23dede0642770618fcd278a1767d16f03","True",""
"Title39-T39CH5.pdf","https://legislature.idaho.gov/wp-content/uploads/statutesrules/idstat/Title39/T39CH5.pdf","49586","9d7c46f8108bde6a33db96c6aaac5bb1bc17a6e4d43f129e79086406cf8edf6f","True",""
"Title39-T39CH50.pdf","https://legislature.idaho.gov/wp-content/uploads/statutesrules/idstat/Title39/T39CH50.pdf","42989","21d178323fb6514d1ed17ccd25f3b8b3c83f023381ee3ebce39272c5b17ed311","True",""
"Title39-T39CH52.pdf","https://legislature.idaho.gov/wp-content/uploads/statutesrules/idstat/Title39/T39CH52.pdf","52546","963aae1b54e3526b49e2dcc2486489a1a4ae9fb98df78242bf8c8ef2361c627e","True",""
"Title39-T39CH53.pdf","https://legislature.idaho.gov/wp-content/uploads/statutesrules/idstat/Title39/T39CH53.pdf","77811","18e1408f5cf07ae699150df891b73a194bdd558975ad0609528a4a02fcf3ec08","True",""
"Title39-T39CH54.pdf","https://legislature.idaho.gov/wp-content/uploads/statutesrules/idstat/Title39/T39CH54.pdf","35685","9de1d2792017d12b1ec93f8d52c11dc8b651c51b43f7c601cf9591f80ce2537a","True",""
"Title39-T39CH55.pdf","https://legislature.idaho.gov/wp-content/uploads/statutesrules/idstat/Title39/T39CH55.pdf","55996","55d5371473f98937a6b18a90227ba2cacdf0a15b72eb3a04e67be00e50907929","True",""
"Title39-T39CH57.pdf","https://legislature.idaho.gov/wp-content/uploads/statutesrules/idstat/Title39/T39CH57.pdf","84658","37809c7f9d7105cec47e4c935bcfb20cddac59f8aa0ce8a2574eb3e9a198b342","True",""
"Title39-T39CH58.pdf","https://legislature.idaho.gov/wp-content/uploads/statutesrules/idstat/Title39/T39CH58.pdf","27760","8ca5ebef26595edbf8afc6b4645257b6402e4a4438f700502a34bce078b618b6","True",""
"Title39-T39CH59.pdf","https://legislature.idaho.gov/wp-content/uploads/statutesrules/idstat/Title39/T39CH59.pdf","64895","c45f661477931e6ff50d151a5e933333abb4f7b8a94c7e52a986c8ebaf4128c0","True",""
"Title39-T39CH6.pdf","https://legislature.idaho.gov/wp-content/uploads/statutesrules/idstat/Title39/T39CH6.pdf","52150","74c6dd9a2589391262518a3612f37a98c9dd7b0c767b66099d29e91cd6a9e382","True",""
"Title39-T39CH60.pdf","https://legislature.idaho.gov/wp-content/uploads/statutesrules/idstat/Title39/T39CH60.pdf","44847","fedb1b0860c98b40371e3fde794598a461281e04c57626c339b2d77c01aa2173","True",""
"Title39-T39CH61.pdf","https://legislature.idaho.gov/wp-content/uploads/statutesrules/idstat/Title39/T39CH61.pdf","94564","012d2019238470acbf8342df4f02623b4b67ec2762ace0d58a1c25ffe73988c7","True",""
"Title39-T39CH63.pdf","https://legislature.idaho.gov/wp-content/uploads/statutesrules/idstat/Title39/T39CH63.pdf","90874","0faea61825c07683bb114f1ea8c2e2aa1db48332dfac813e0cf2d06d3928bb12","True",""
"Title39-T39CH65.pdf","https://legislature.idaho.gov/wp-content/uploads/statutesrules/idstat/Title39/T39CH65.pdf","57668","4abe99da276eca06c27283457b72b73ef413b5edf26710f52615301340c73086","True",""
"Title39-T39CH66.pdf","https://legislature.idaho.gov/wp-content/uploads/statutesrules/idstat/Title39/T39CH66.pdf","27760","be2b7fd61d68d025385373f12ffe1fc9778058b07de6f01ace9457f970526970","True",""
"Title39-T39CH67.pdf","https://legislature.idaho.gov/wp-content/uploads/statutesrules/idstat/Title39/T39CH67.pdf","49397","a507e915f7bc6785387b6c0a2d07eb378fb3e21de17a21993bf52d9959c2bb34","True",""
"Title39-T39CH68.pdf","https://legislature.idaho.gov/wp-content/uploads/statutesrules/idstat/Title39/T39CH68.pdf","76076","c2ae4a1c0077854053a1092c249420a01963e1c115ba673941f853b0398761e9","True",""
"Title39-T39CH7.pdf","https://legislature.idaho.gov/wp-content/uploads/statutesrules/idstat/Title39/T39CH7.pdf","31747","7092d8c62d50beb6a9ff9a85acaeecbfa65ff9f573b0e36e6ed8895ec0fe1973","True",""
"Title39-T39CH70.pdf","https://legislature.idaho.gov/wp-content/uploads/statutesrules/idstat/Title39/T39CH70.pdf","36366","cc69c1ae858c1ab99fc5c989e5afe2016d653b0badba11eefb816d5252171629","True",""
"Title39-T39CH71.pdf","https://legislature.idaho.gov/wp-content/uploads/statutesrules/idstat/Title39/T39CH71.pdf","82054","43ec98677f5ba183aa4ad973664b2447a33b32e3f88e6abf7ae89a42584f6611","True",""
"Title39-T39CH72.pdf","https://legislature.idaho.gov/wp-content/uploads/statutesrules/idstat/Title39/T39CH72.pdf","72760","e2339f2f5c8c40250d606c19a67487fc351f1209884abe159e5ee052247324df","True",""
"Title39-T39CH73.pdf","https://legislature.idaho.gov/wp-content/uploads/statutesrules/idstat/Title39/T39CH73.pdf","30215","1200439fa16933057a8a5e6a027778546f325a7386c4187b5d460b3529e8318f","True",""
"Title39-T39CH74.pdf","https://legislature.idaho.gov/wp-content/uploads/statutesrules/idstat/Title39/T39CH74.pdf","172427","1323c77aa99217ea9294ee936254fcac69526137078ce7593382b748302676bc","True",""
"Title39-T39CH75.pdf","https://legislature.idaho.gov/wp-content/uploads/statutesrules/idstat/Title39/T39CH75.pdf","54128","0f317cd9318441f4eb6e74348d6222c7120118b19ad1af3ae8f00bf4665db1f9","True",""
"Title39-T39CH76.pdf","https://legislature.idaho.gov/wp-content/uploads/statutesrules/idstat/Title39/T39CH76.pdf","44636","a553d9d05c634e08316c51f1e9f33c66bd7ada8711fb386896e026a73bbc2439","True",""
"Title39-T39CH77.pdf","https://legislature.idaho.gov/wp-content/uploads/statutesrules/idstat/Title39/T39CH77.pdf","44159","eb7d2edd0b75c8cb98cf67dbbe2f3301e8504c0ad37a53bbbe2c412cd7c49e80","True",""
"Title39-T39CH78.pdf","https://legislature.idaho.gov/wp-content/uploads/statutesrules/idstat/Title39/T39CH78.pdf","57129","23c4b813ccc4e8a72a0a57d80b63f4e18a7c3d16b0f7b48ea7782ca17deff4ce","True",""
"Title39-T39CH79.pdf","https://legislature.idaho.gov/wp-content/uploads/statutesrules/idstat/Title39/T39CH79.pdf","93934","8fa64be4c184e1a45fdf7e8114107f1b9e30dd75cc3853e995225b9657793483","True",""
"Title39-T39CH80.pdf","https://legislature.idaho.gov/wp-content/uploads/statutesrules/idstat/Title39/T39CH80.pdf","55500","22ceeb635612452427a4e4a7d0d786f77774b3348b8f319b5e8ac6d4146135d1","True",""
"Title39-T39CH81.pdf","https://legislature.idaho.gov/wp-content/uploads/statutesrules/idstat/Title39/T39CH81.pdf","80412","61e58c2b532bc6a1b879be41ec22fd5778c32e2da7dac5075933fcbf63c8464e","True",""
"Title39-T39CH82.pdf","https://legislature.idaho.gov/wp-content/uploads/statutesrules/idstat/Title39/T39CH82.pdf","56796","02d98f5b834795398ead278b81bd8f938038154d3d39d5bd3b44b06bd5ff1c10","True",""
"Title39-T39CH83.pdf","https://legislature.idaho.gov/wp-content/uploads/statutesrules/idstat/Title39/T39CH83.pdf","45984","309c33db054730362497d94aa896772aa560bcfbbc56f497756ef8bf41c8811f","True",""
"Title39-T39CH84.pdf","https://legislature.idaho.gov/wp-content/uploads/statutesrules/idstat/Title39/T39CH84.pdf","92639","d284eda556d1b8d2734e39995d25f1ded14fba391d23921f0a5d81fca0b167bf","True",""
"Title39-T39CH85.pdf","https://legislature.idaho.gov/wp-content/uploads/statutesrules/idstat/Title39/T39CH85.pdf","37400","f4ce31a8095d4e00b8ec41e85b5d1bda702b53bed1a207b2e0b278a0128693e1","True",""
"Title39-T39CH86.pdf","https://legislature.idaho.gov/wp-content/uploads/statutesrules/idstat/Title39/T39CH86.pdf","71960","83921ffab813c86a59364755c68b4f3fd1126b90a4658b3bcc1a30d5408fd345","True",""
"Title39-T39CH87.pdf","https://legislature.idaho.gov/wp-content/uploads/statutesrules/idstat/Title39/T39CH87.pdf","40560","ffabe1ef54e4f16f9dfa526d6b9927fa93efa43afd443de13d11495c50b1c921","True",""
"Title39-T39CH88.pdf","https://legislature.idaho.gov/wp-content/uploads/statutesrules/idstat/Title39/T39CH88.pdf","52717","d5e00803a26c18e5eed157d67208ce41c412f645be82163a2f83927a911cc59e","True",""
"Title39-T39CH89.pdf","https://legislature.idaho.gov/wp-content/uploads/statutesrules/idstat/Title39/T39CH89.pdf","70130","4c49ba76b85f96f8007503e3b95c3b6baad3d1cf20e132b445cf40e571444279","True",""
"Title39-T39CH9.pdf","https://legislature.idaho.gov/wp-content/uploads/statutesrules/idstat/Title39/T39CH9.pdf","51580","25b5731b59a494c2e7d9a24ccb91a5b911fcbcbccc1b3ee44d261b15c0203f21","True",""
"Title39-T39CH90.pdf","https://legislature.idaho.gov/wp-content/uploads/statutesrules/idstat/Title39/T39CH90.pdf","34215","4afcd574362fb942a2d5e857343c2248dd0f3ef9e9e55024201324603509d852","True",""
"Title39-T39CH91.pdf","https://legislature.idaho.gov/wp-content/uploads/statutesrules/idstat/Title39/T39CH91.pdf","39256","e0413a37c3fcac9cb06f12af03a6058183f34cea14add2a73fec185d60210464","True",""
"Title39-T39CH92.pdf","https://legislature.idaho.gov/wp-content/uploads/statutesrules/idstat/Title39/T39CH92.pdf","39567","439ade67b70f4e88fbce425801ce1b8770a6a77a05ac7aaa107113eea0ac64fa","True",""
"Title39-T39CH93.pdf","https://legislature.idaho.gov/wp-content/uploads/statutesrules/idstat/Title39/T39CH93.pdf","49233","73c0e259f44668763113c2c0c26acf792cf8bb27e0a24b59ccc51fcafba406d9","True",""
"Title39-T39CH94.pdf","https://legislature.idaho.gov/wp-content/uploads/statutesrules/idstat/Title39/T39CH94.pdf","42798","6349b5917535b8fe568116d5ceb7f4e504db96dfd6abda4ad1c8d8ac6dc7e79f","True",""
"Title39-T39CH95.pdf","https://legislature.idaho.gov/wp-content/uploads/statutesrules/idstat/Title39/T39CH95.pdf","75225","caae476f7b0268825e810fc1a128588a618fd97c8176c4234808c5457d5425e4","True",""
"Title39-T39CH97.pdf","https://legislature.idaho.gov/wp-content/uploads/statutesrules/idstat/Title39/T39CH97.pdf","30692","d33b7030fa28bf641e70830c133ee141823873cf38f2499545cd2541fc3e8437","True",""
"Title39-T39CH98.pdf","https://legislature.idaho.gov/wp-content/uploads/statutesrules/idstat/Title39/T39CH98.pdf","36551","8accd7a2a206230633798e82eb0105843a1ad5df5bd219b235f6b43b4d95a452","True",""
"Title39-T39CH99.pdf","https://legislature.idaho.gov/wp-content/uploads/statutesrules/idstat/Title39/T39CH99.pdf","27760","b277ad4106d5dbb89f11dc53da4d7e27e26d389e8e38f5fc0728249d1fe09331","True",""
"Title4-T4CH1.pdf","https://legislature.idaho.gov/wp-content/uploads/statutesrules/idstat/Title4/T4CH1.pdf","34012","b254d58fa155f24254b88886c72619ecda66127f5a70465b6d9fc6987b9658e9","True",""
"Title40-T40CH1.pdf","https://legislature.idaho.gov/wp-content/uploads/statutesrules/idstat/Title40/T40CH1.pdf","92626","a51b2d4c3251c6ceb1f1f0f86fbdbe71e2ddcc3fd9ff1b9740db0a58ba536223","True",""
"Title40-T40CH10.pdf","https://legislature.idaho.gov/wp-content/uploads/statutesrules/idstat/Title40/T40CH10.pdf","34645","fddb3495572e669b7500042ea3d0cfd2b18c6b82e0ceb4adc22866634e562d6f","True",""
"Title40-T40CH11.pdf","https://legislature.idaho.gov/wp-content/uploads/statutesrules/idstat/Title40/T40CH11.pdf","45900","6aa247be7dba9d77851995c515adbe28e9ae95717baa0a0f265d9aa0dd0b87a8","True",""
"Title40-T40CH12.pdf","https://legislature.idaho.gov/wp-content/uploads/statutesrules/idstat/Title40/T40CH12.pdf","33733","2e30d57048f92f0f31e27448863ee4fef970741b6cb87aefe46812206a57ce59","True",""
"Title40-T40CH13.pdf","https://legislature.idaho.gov/wp-content/uploads/statutesrules/idstat/Title40/T40CH13.pdf","99812","0e15a44fc3e56158a73a6e51cb2fa110d10dc388f699babb2d24fe777000c22e","True",""
"Title40-T40CH14.pdf","https://legislature.idaho.gov/wp-content/uploads/statutesrules/idstat/Title40/T40CH14.pdf","86554","327914107030efe2d052a04856110e8be0b774cf667c28e94a2ce893e4b39a88","True",""
"Title40-T40CH15.pdf","https://legislature.idaho.gov/wp-content/uploads/statutesrules/idstat/Title40/T40CH15.pdf","55926","d2a4e81894e9d29ffd0601716e15778293b5954801daf04b9f579130a8368e48","True",""
"Title40-T40CH16.pdf","https://legislature.idaho.gov/wp-content/uploads/statutesrules/idstat/Title40/T40CH16.pdf","58108","30ff13fabe3d766ae15276e783e33c0004d822379cf4c26707ae19b5ed3e2869","True",""
"Title40-T40CH17.pdf","https://legislature.idaho.gov/wp-content/uploads/statutesrules/idstat/Title40/T40CH17.pdf","53096","48b594f97e5269d4dd633e83a2961c5b008146ececfbfe02c536cd0b3255f6c8","True",""
"Title40-T40CH18.pdf","https://legislature.idaho.gov/wp-content/uploads/statutesrules/idstat/Title40/T40CH18.pdf","51389","6473f74b4512908967d5fb0a35065cf17de79c7dcbeb46f3c756c024759a1de1","True",""
"Title40-T40CH19.pdf","https://legislature.idaho.gov/wp-content/uploads/statutesrules/idstat/Title40/T40CH19.pdf","70986","c0621b101d50b88498872bde610cc1ec0b1c3375f4bc5e5268580a7cebf7ec4f","True",""
"Title40-T40CH2.pdf","https://legislature.idaho.gov/wp-content/uploads/statutesrules/idstat/Title40/T40CH2.pdf","92053","7d07812a03ca2db30dd7e3d4ce437ad7c43f96c53539af87207559ff4e94fa4f","True",""
"Title40-T40CH20.pdf","https://legislature.idaho.gov/wp-content/uploads/statutesrules/idstat/Title40/T40CH20.pdf","55349","fcc1b25e843330b55cb34763d32a97b5caa0603b18ff0cd59f5a73e0e41a48f3","True",""
"Title40-T40CH21.pdf","https://legislature.idaho.gov/wp-content/uploads/statutesrules/idstat/Title40/T40CH21.pdf","61240","cb549a0493c568701d744b6ab7ef68e74c9b2f95a8025298cfe9ffaf00cdf276","True",""
"Title40-T40CH22.pdf","https://legislature.idaho.gov/wp-content/uploads/statutesrules/idstat/Title40/T40CH22.pdf","45774","d220de855e7d9e232a9acc537b354821324e1c798cc427c1b772976da5c4f24e","True",""
"Title40-T40CH23.pdf","https://legislature.idaho.gov/wp-content/uploads/statutesrules/idstat/Title40/T40CH23.pdf","70463","4f0e1bd0341ddb3374c3366375ae64f7e7a8de0a988a725af19453724a92d731","True",""
"Title40-T40CH24.pdf","https://legislature.idaho.gov/wp-content/uploads/statutesrules/idstat/Title40/T40CH24.pdf","39200","72ebe6638dc93b2b4057635a4d4e3b731c12320ba2a184d3903fc23ae8d6accc","True",""
"Title40-T40CH3.pdf","https://legislature.idaho.gov/wp-content/uploads/statutesrules/idstat/Title40/T40CH3.pdf","101787","a0ef7c1f81c4187a7c3a3728e5c4b1881461f84ce3f43179cf8d7e22cbce536d","True",""
"Title40-T40CH4.pdf","https://legislature.idaho.gov/wp-content/uploads/statutesrules/idstat/Title40/T40CH4.pdf","62186","2f609720270441bed1ff3adf6ee251b3b3fd65c4e7ad1e05a467106d496e603e","True",""
"Title40-T40CH5.pdf","https://legislature.idaho.gov/wp-content/uploads/statutesrules/idstat/Title40/T40CH5.pdf","104675","df550a64ede1ef5089850f3622da30f8c4a09f320c0632c7297ce4b014753db8","True",""
"Title40-T40CH6.pdf","https://legislature.idaho.gov/wp-content/uploads/statutesrules/idstat/Title40/T40CH6.pdf","60900","2b5473fe5c2cc7068654c0be5edb7c6d1de6f4aca3cf46010ee2a2222549a990","True",""
"Title40-T40CH7.pdf","https://legislature.idaho.gov/wp-content/uploads/statutesrules/idstat/Title40/T40CH7.pdf","108531","15ad75003063b46bb142f028edbf8befd28b320cdce2a09322fc7730b293e5b3","True",""
"Title40-T40CH8.pdf","https://legislature.idaho.gov/wp-content/uploads/statutesrules/idstat/Title40/T40CH8.pdf","87316","d42ce7316481d281e2463aa4e4d4cadc3617803132c8d20a3ba00e16939be02c","True",""
"Title40-T40CH9.pdf","https://legislature.idaho.gov/wp-content/uploads/statutesrules/idstat/Title40/T40CH9.pdf","90866","a2ce2799bef856aed34ff058a77662c896c63671c4e0363289ed08982d976cc6","True",""
"Title41-T41CH1.pdf","https://legislature.idaho.gov/wp-content/uploads/statutesrules/idstat/Title41/T41CH1.pdf","65221","90ca6be9eb9422ab8eee517d4b544a73e08bfbd9f5854e976de582e04398517e","True",""
"Title41-T41CH10.pdf","https://legislature.idaho.gov/wp-content/uploads/statutesrules/idstat/Title41/T41CH10.pdf","202759","a5c9069733a9185c3acd1b6e2f49f7b60429121670a185168fea8555d271b6c9","True",""
"Title41-T41CH11.pdf","https://legislature.idaho.gov/wp-content/uploads/statutesrules/idstat/Title41/T41CH11.pdf","42691","909fb7ade0c450337cf6c9b9d2e2eeaf4990318854e4588c44d59877f36066ba","True",""
"Title41-T41CH12.pdf","https://legislature.idaho.gov/wp-content/uploads/statutesrules/idstat/Title41/T41CH12.pdf","127275","b5a1323e387f02019cc585a495ca1b66065953d43096828f0248a6e89a8511dd","True",""
"Title41-T41CH13.pdf","https://legislature.idaho.gov/wp-content/uploads/statutesrules/idstat/Title41/T41CH13.pdf","103252","543085caa7121425ce0024417d3af87ac45d34b60a949793b0faa4d8b2924ee2","True",""
"Title41-T41CH14.pdf","https://legislature.idaho.gov/wp-content/uploads/statutesrules/idstat/Title41/T41CH14.pdf","91948","90e5e352d2796f3c512f920be9528ebe3517b3d2bcc8e1994f3ae03c49646b7d","True",""
"Title41-T41CH15.pdf","https://legislature.idaho.gov/wp-content/uploads/statutesrules/idstat/Title41/T41CH15.pdf","53609","c534f787aade19cc046e1e887b627ce28738594f85d4356a886720c1b6d78491","True",""
"Title41-T41CH16.pdf","https://legislature.idaho.gov/wp-content/uploads/statutesrules/idstat/Title41/T41CH16.pdf","80924","2a9f45406c7e6bca95f20e7bfded2830e3de89d996b0e1e681c538c5c596f275","True",""
"Title41-T41CH17.pdf","https://legislature.idaho.gov/wp-content/uploads/statutesrules/idstat/Title41/T41CH17.pdf","49218","ab7ce0793c5661cfeef017a15c1daf7cb408aba72c0836daf2f357eb7852e901","True",""
"Title41-T41CH18.pdf","https://legislature.idaho.gov/wp-content/uploads/statutesrules/idstat/Title41/T41CH18.pdf","177751","861b769df5774edef0b63d72224557cb4fafe781415bfedbbecc297a035a387e","True",""
"Title41-T41CH19.pdf","https://legislature.idaho.gov/wp-content/uploads/statutesrules/idstat/Title41/T41CH19.pdf","317418","acd78d558b54b0ffc756a3aa8982d133d924edca04a11705e319f22e7c4b3a19","True",""
"Title41-T41CH2.pdf","https://legislature.idaho.gov/wp-content/uploads/statutesrules/idstat/Title41/T41CH2.pdf","205229","92eee8ec5d756df1513eb37c996d5dad02a39a479d061a19ef6047c6fe847171","True",""
"Title41-T41CH20.pdf","https://legislature.idaho.gov/wp-content/uploads/statutesrules/idstat/Title41/T41CH20.pdf","85823","ed398383e78faa1d0cce50a09cff98e9977bdf31fb9a917bba9c20e483567fd3","True",""
"Title41-T41CH21.pdf","https://legislature.idaho.gov/wp-content/uploads/statutesrules/idstat/Title41/T41CH21.pdf","106274","9d3da65cdd9443190c970ec50c912cab22654f826e9e24fd6bbc304fa4201cd2","True",""
"Title41-T41CH22.pdf","https://legislature.idaho.gov/wp-content/uploads/statutesrules/idstat/Title41/T41CH22.pdf","100518","833b3c13393948dbc98ff944a8524273276d3ed861b9b6d6b1d15eb4bffbc6d3","True",""
"Title41-T41CH23.pdf","https://legislature.idaho.gov/wp-content/uploads/statutesrules/idstat/Title41/T41CH23.pdf","58168","e17040b51c97da0d37a1de1cc083580ce3c1212f7e6bd983c470b822a22ca7b9","True",""
"Title41-T41CH24.pdf","https://legislature.idaho.gov/wp-content/uploads/statutesrules/idstat/Title41/T41CH24.pdf","49518","e893aa8fc429ce7b2f62518bff258f7d15f95112e3a8bc755cc1286f6c5bfd0c","True",""
"Title41-T41CH25.pdf","https://legislature.idaho.gov/wp-content/uploads/statutesrules/idstat/Title41/T41CH25.pdf","90222","2760d38bbcac19eb8717024c8ce85d75ebedf3ab6bce8fc7614304df88f74a81","True",""
"Title41-T41CH26.pdf","https://legislature.idaho.gov/wp-content/uploads/statutesrules/idstat/Title41/T41CH26.pdf","64665","e329a1007eac91718c3420a6fa77bce18dd6701a8a3811fce049abc7fc8c2ce4","True",""
"Title41-T41CH26SCH26A.pdf","https://legislature.idaho.gov/wp-content/uploads/statutesrules/idstat/Title41/T41CH26SCH26A.pdf","78444","ad8b52e4753cedd74d045a0c1c2453fa6b6df08873dd8f0eb1207b562a2c6fe5","True",""
"Title41-T41CH27.pdf","https://legislature.idaho.gov/wp-content/uploads/statutesrules/idstat/Title41/T41CH27.pdf","111737","3e43b917d147dd67d75487efa17191ea1c07fcd2e13532b45e141b25fba0db30","True",""
"Title41-T41CH28.pdf","https://legislature.idaho.gov/wp-content/uploads/statutesrules/idstat/Title41/T41CH28.pdf","198971","89aa62de2a220f85a703ce5fa6594a30754e7ee1d7230cc4c1ba5814f01705fe","True",""
"Title41-T41CH29.pdf","https://legislature.idaho.gov/wp-content/uploads/statutesrules/idstat/Title41/T41CH29.pdf","77155","7168039615ed90181c54771721983f3de2b88905b8ca1c9abdc12e8ff0dc02d1","True",""
"Title41-T41CH3.pdf","https://legislature.idaho.gov/wp-content/uploads/statutesrules/idstat/Title41/T41CH3.pdf","218482","d01ec44b73851ddd6a56b3b6f2ae9671acc21e042f2ce57da132bd38a9d616f4","True",""
"Title41-T41CH30.pdf","https://legislature.idaho.gov/wp-content/uploads/statutesrules/idstat/Title41/T41CH30.pdf","41931","dc7652a4e6f83eb1b205f304c5054afff1875b4a5e560c35f3fa3860116951b2","True",""
"Title41-T41CH31.pdf","https://legislature.idaho.gov/wp-content/uploads/statutesrules/idstat/Title41/T41CH31.pdf","92803","ef9f25f94f454b6b34a1d8508fba563bc6bcdb3d6d70f506069f82324ef8f366","True",""
"Title41-T41CH32.pdf","https://legislature.idaho.gov/wp-content/uploads/statutesrules/idstat/Title41/T41CH32.pdf","129750","5c5fa7006e91520d57b23f482d21fd8448991756ef27ea46e2539de9d82a6284","True",""
"Title41-T41CH33.pdf","https://legislature.idaho.gov/wp-content/uploads/statutesrules/idstat/Title41/T41CH33.pdf","225452","fa7df5b339a9dce2a624d3fc1531108747f289b831a6dbf92137a672ce8fc09f","True",""
"Title41-T41CH34.pdf","https://legislature.idaho.gov/wp-content/uploads/statutesrules/idstat/Title41/T41CH34.pdf","151360","424c81e766570127db63003d133051627df0b73f00193d86d1b5541515ca6e14","True",""
"Title41-T41CH36.pdf","https://legislature.idaho.gov/wp-content/uploads/statutesrules/idstat/Title41/T41CH36.pdf","92803","11b8af8b58da183010c5686c80f11e6585a4a6de6de6bc8c6b0ee58a1f98643e","True",""
"Title41-T41CH38.pdf","https://legislature.idaho.gov/wp-content/uploads/statutesrules/idstat/Title41/T41CH38.pdf","250613","1dbc4d00b0c77e047cc91ab4a0b97166dfb799abd8d846b09d26a141cbc22453","True",""
"Title41-T41CH39.pdf","https://legislature.idaho.gov/wp-content/uploads/statutesrules/idstat/Title41/T41CH39.pdf","121284","8d3a6b0ca2355c6b3be7e0f290cf722c2f677d589ae2a5427a422aa8e7753709","True",""
"Title41-T41CH4.pdf","https://legislature.idaho.gov/wp-content/uploads/statutesrules/idstat/Title41/T41CH4.pdf","56512","b71ae0088c5204ddab276a471b3345b79da5c1f9584b1bfc5a7c471b4878a073","True",""
"Title41-T41CH40.pdf","https://legislature.idaho.gov/wp-content/uploads/statutesrules/idstat/Title41/T41CH40.pdf","126485","8bf0be23b5e2262b57d2890311cedc201f7fd63bf99a111065c689261efadd31","True",""
"Title41-T41CH41.pdf","https://legislature.idaho.gov/wp-content/uploads/statutesrules/idstat/Title41/T41CH41.pdf","90577","c9f20a33b4d29223ba13ce497c8087eff2baf9462a1bd5e4ba31fe15b5817ca8","True",""
"Title41-T41CH42.pdf","https://legislature.idaho.gov/wp-content/uploads/statutesrules/idstat/Title41/T41CH42.pdf","45527","19cd4edbcd3891294514557c886cb970bd864ec5a60b7e34484061c41585fd2d","True",""
"Title41-T41CH43.pdf","https://legislature.idaho.gov/wp-content/uploads/statutesrules/idstat/Title41/T41CH43.pdf","139819","814f24223d1861556575fbcddbc9403c3b49a1f887713f482b0cf22004d00a86","True",""
"Title41-T41CH44.pdf","https://legislature.idaho.gov/wp-content/uploads/statutesrules/idstat/Title41/T41CH44.pdf","49264","43f822990776651ffd0965af02b04cc77ce50340c7ae5a28375c99fd79a40dc9","True",""
"Title41-T41CH46.pdf","https://legislature.idaho.gov/wp-content/uploads/statutesrules/idstat/Title41/T41CH46.pdf","65251","71e63ab352c28fde012607dce6c05ade7dc2cfddadfba5cfa6837c066ea675dd","True",""
"Title41-T41CH47.pdf","https://legislature.idaho.gov/wp-content/uploads/statutesrules/idstat/Title41/T41CH47.pdf","91693","7193022213bde24550bc2b0b2f9b5c8559462a90e43d07de82171a1e1a82f63d","True",""
"Title41-T41CH48.pdf","https://legislature.idaho.gov/wp-content/uploads/statutesrules/idstat/Title41/T41CH48.pdf","67943","4d854801bad4b712900cf69e2c1ffd4d941c9d979ffebdb7c79242ef315bae21","True",""
"Title41-T41CH49.pdf","https://legislature.idaho.gov/wp-content/uploads/statutesrules/idstat/Title41/T41CH49.pdf","161575","1d6c80cc5d23c720c56f721c24c926b36d1cc903f65b5f76bff98353f51d1aa3","True",""
"Title41-T41CH5.pdf","https://legislature.idaho.gov/wp-content/uploads/statutesrules/idstat/Title41/T41CH5.pdf","271580","5743c4477a793704584c0cf19081e12b4129e3f376c823f812d354d8e5c1b90b","True",""
"Title41-T41CH51.pdf","https://legislature.idaho.gov/wp-content/uploads/statutesrules/idstat/Title41/T41CH51.pdf","69462","47ec43788f4342a0f8f590c3c60d2d610cee6f9bd1387103e1b87c9e6c6e37f5","True",""
"Title41-T41CH52.pdf","https://legislature.idaho.gov/wp-content/uploads/statutesrules/idstat/Title41/T41CH52.pdf","93595","f4627ba085b78c2f75f76876911889436104606357b67cfaf6fba9ba19f173e1","True",""
"Title41-T41CH54.pdf","https://legislature.idaho.gov/wp-content/uploads/statutesrules/idstat/Title41/T41CH54.pdf","96469","56184613a8eb524ade486139965814c7d291ab180b0cd5af2c022468374e289f","True",""
"Title41-T41CH55.pdf","https://legislature.idaho.gov/wp-content/uploads/statutesrules/idstat/Title41/T41CH55.pdf","67289","62dc534aa0400484c5b90b4673792a0f919095807531300f6e9574def023f123","True",""
"Title41-T41CH56.pdf","https://legislature.idaho.gov/wp-content/uploads/statutesrules/idstat/Title41/T41CH56.pdf","45592","350aa193d429f98737399512f1f0d414b4b88b648b35549528fa415071b607fc","True",""
"Title41-T41CH57.pdf","https://legislature.idaho.gov/wp-content/uploads/statutesrules/idstat/Title41/T41CH57.pdf","94919","94a27bd41bcc2b1a9ca32bbfe1a998ac912c8f05f74556725966ca9f0aa3459c","True",""
"Title41-T41CH58.pdf","https://legislature.idaho.gov/wp-content/uploads/statutesrules/idstat/Title41/T41CH58.pdf","92380","ba2048ad95615c7d42ba0076149610005231d5c71d31fc6715a74d051e3c246d","True",""
"Title41-T41CH59.pdf","https://legislature.idaho.gov/wp-content/uploads/statutesrules/idstat/Title41/T41CH59.pdf","124496","2eb00a469ff416c88e6397699c34bbb6333a7f634bdef344d225d358cb5753ae","True",""
"Title41-T41CH6.pdf","https://legislature.idaho.gov/wp-content/uploads/statutesrules/idstat/Title41/T41CH6.pdf","170520","a717d84045b48ec12898044951e7347a5c3887f061fbdace2f5cbff47fa22f6a","True",""
"Title41-T41CH60.pdf","https://legislature.idaho.gov/wp-content/uploads/statutesrules/idstat/Title41/T41CH60.pdf","53276","5092664e3fe18fa17c80f18fbc648bdc99adb19e1aa293944807e5fe919d0fa7","True",""
"Title41-T41CH61.pdf","https://legislature.idaho.gov/wp-content/uploads/statutesrules/idstat/Title41/T41CH61.pdf","57144","c75928cc50db01b2e3f3b374aa171eb6fc8ef3568d81ba39bad7ed118a8c652a","True",""
"Title41-T41CH62.pdf","https://legislature.idaho.gov/wp-content/uploads/statutesrules/idstat/Title41/T41CH62.pdf","65262","d71edd093686aab7c55073c08df5d27c2e2a1fba670bb6716294187354070926","True",""
"Title41-T41CH63.pdf","https://legislature.idaho.gov/wp-content/uploads/statutesrules/idstat/Title41/T41CH63.pdf","60074","ba9baea9ca4209400f02219d1f86f6ee761f7e50f324dd020a9165f98585ef24","True",""
"Title41-T41CH64.pdf","https://legislature.idaho.gov/wp-content/uploads/statutesrules/idstat/Title41/T41CH64.pdf","55305","1e5bb0e3cbe1ddc58626c03ca1332e967cf32c668e9de0f56a8669a809bbc3f0","True",""
"Title41-T41CH65.pdf","https://legislature.idaho.gov/wp-content/uploads/statutesrules/idstat/Title41/T41CH65.pdf","36441","4d61f93057ffbc4fd01c035c16f7732dd4c7968711ea264f3d109e01b04fbe88","True",""
"Title41-T41CH66.pdf","https://legislature.idaho.gov/wp-content/uploads/statutesrules/idstat/Title41/T41CH66.pdf","49363","36843309412cd30087716dcfb7e3e822271ce978502aa521e1afb771a9df911c","True",""
"Title41-T41CH7.pdf","https://legislature.idaho.gov/wp-content/uploads/statutesrules/idstat/Title41/T41CH7.pdf","118120","49424ec25412b355c6633b452c50ee4da66e4351bd8434de2fca1ec1b8c82e48","True",""
"Title41-T41CH8.pdf","https://legislature.idaho.gov/wp-content/uploads/statutesrules/idstat/Title41/T41CH8.pdf","64467","389a424b27508e5db3ced99e9db1a97fd1d77297b6d0859b9834f708f371a8da","True",""
"Title41-T41CH9.pdf","https://legislature.idaho.gov/wp-content/uploads/statutesrules/idstat/Title41/T41CH9.pdf","83045","0f3fd1a1b23fbd10cc8bbfc5192ec728ca8e0da81a0d89e9e7fdafe73b06a611","True",""
"Title42-T42CH1.pdf","https://legislature.idaho.gov/wp-content/uploads/statutesrules/idstat/Title42/T42CH1.pdf","76393","e6870fd91a017b1c4196ed61044b877b8c54ba74abeef850df9f95988c6f2a24","True",""
"Title42-T42CH10.pdf","https://legislature.idaho.gov/wp-content/uploads/statutesrules/idstat/Title42/T42CH10.pdf","41048","6b74f8077fcc573c59d73407ac1602d389ebf267690719b0e0ff34ae0f24d875","True",""
"Title42-T42CH11.pdf","https://legislature.idaho.gov/wp-content/uploads/statutesrules/idstat/Title42/T42CH11.pdf","43462","fd393cf381e8727093f9ad730eff579864820de449888db841cc6a3c03b1ef03","True",""
"Title42-T42CH12.pdf","https://legislature.idaho.gov/wp-content/uploads/statutesrules/idstat/Title42/T42CH12.pdf","54311","ae75fa833c6a88754119afa3dcafbfdb6a27c14daa5956799991fbd72b628e5a","True",""
"Title42-T42CH13.pdf","https://legislature.idaho.gov/wp-content/uploads/statutesrules/idstat/Title42/T42CH13.pdf","59121","a35504f8166d7769f3753f7a71b04e462c963e27dcdac566bde30a57615160d4","True",""
"Title42-T42CH14.pdf","https://legislature.idaho.gov/wp-content/uploads/statutesrules/idstat/Title42/T42CH14.pdf","218803","54ad86952a2682fb157b6811dc47683ffa6e2175d789268ce7593520a9b01428","True",""
"Title42-T42CH15.pdf","https://legislature.idaho.gov/wp-content/uploads/statutesrules/idstat/Title42/T42CH15.pdf","65157","20743bd158dc4a48e7e5653f38bdbcdee153ec700ad10d716ae3ffd0b8896648","True",""
"Title42-T42CH16.pdf","https://legislature.idaho.gov/wp-content/uploads/statutesrules/idstat/Title42/T42CH16.pdf","46087","1fdfaa93433e8a6f4b2940888e26b20f431d78f069d50b20d72fee2ade7c7e7c","True",""
"Title42-T42CH17.pdf","https://legislature.idaho.gov/wp-content/uploads/statutesrules/idstat/Title42/T42CH17.pdf","282616","9fdc116f0d938bafd557f4209216bdc6ba5cafc170046a7c9d47ef1455853f05","True",""
"Title42-T42CH18.pdf","https://legislature.idaho.gov/wp-content/uploads/statutesrules/idstat/Title42/T42CH18.pdf","46915","0ebc2b3e4e1bfc988a5d42b2efffe528d7b27a03fafdfb9848ee8cfb9cb7bdee","True",""
"Title42-T42CH2.pdf","https://legislature.idaho.gov/wp-content/uploads/statutesrules/idstat/Title42/T42CH2.pdf","380660","0d30f15109a309fc4f048237b8462fcef4f1840e9006843224cb8822b18c4d85","True",""
"Title42-T42CH20.pdf","https://legislature.idaho.gov/wp-content/uploads/statutesrules/idstat/Title42/T42CH20.pdf","110638","0e28582c4d7a279fc556664cb102c97c8310d59f3cd0197d71e579dfbc5ff5bd","True",""
"Title42-T42CH22.pdf","https://legislature.idaho.gov/wp-content/uploads/statutesrules/idstat/Title42/T42CH22.pdf","55269","f2625122fc559ebaa99ffd9994d679ff64889b960f73d594ed247bc49855c801","True",""
"Title42-T42CH23.pdf","https://legislature.idaho.gov/wp-content/uploads/statutesrules/idstat/Title42/T42CH23.pdf","33252","aefc1da91ab686018d38eb4f6c0535a828440c5bc085d235f6dbc9aa7812cc83","True",""
"Title42-T42CH24.pdf","https://legislature.idaho.gov/wp-content/uploads/statutesrules/idstat/Title42/T42CH24.pdf","39899","377b57153c7f7354eeb958b668b428b2646d1b009202cdbe28ab11ae465c4bf4","True",""
"Title42-T42CH25.pdf","https://legislature.idaho.gov/wp-content/uploads/statutesrules/idstat/Title42/T42CH25.pdf","37468","a441e73ffbdc56cf01805ccf4ee0dc84922eafa91eddb13965aaefb3ab8e9bda","True",""
"Title42-T42CH27.pdf","https://legislature.idaho.gov/wp-content/uploads/statutesrules/idstat/Title42/T42CH27.pdf","41603","3c97857570026521e41fa479c456fc99d2dbde0ecafb91bafe712753bf16bc56","True",""
"Title42-T42CH28.pdf","https://legislature.idaho.gov/wp-content/uploads/statutesrules/idstat/Title42/T42CH28.pdf","96677","c333c8e8209650e515993016ca6bc4514d7b9061d2849767849cd451c52e44bd","True",""
"Title42-T42CH29.pdf","https://legislature.idaho.gov/wp-content/uploads/statutesrules/idstat/Title42/T42CH29.pdf","201845","7980167d8f24d61abe7e9d615ee5a2e6d28fd579e8471d1c7d9d93c5c8ff7d9a","True",""
"Title42-T42CH3.pdf","https://legislature.idaho.gov/wp-content/uploads/statutesrules/idstat/Title42/T42CH3.pdf","49451","a16a167578e9a03389403db44fd3987877608681ae7400ec73c5fc38c9cd8850","True",""
"Title42-T42CH30.pdf","https://legislature.idaho.gov/wp-content/uploads/statutesrules/idstat/Title42/T42CH30.pdf","41040","5b0f82b7c0b3d7742105f20871a70629cfd6e768e6a0183a7298a42636f481e7","True",""
"Title42-T42CH31.pdf","https://legislature.idaho.gov/wp-content/uploads/statutesrules/idstat/Title42/T42CH31.pdf","113488","10cc2a8f59b7fd401d17d9dc09a80327a4c795b588b5dbc9208dc6b62100feba","True",""
"Title42-T42CH32.pdf","https://legislature.idaho.gov/wp-content/uploads/statutesrules/idstat/Title42/T42CH32.pdf","158195","8cc7b91c23048985406214f81bbddc56b78bb38966c8d41339bc9d710198c426","True",""
"Title42-T42CH33.pdf","https://legislature.idaho.gov/wp-content/uploads/statutesrules/idstat/Title42/T42CH33.pdf","49598","21aef8d808e15d7923755c0d806c4922b72155124a7f59bf13afa06d9eec0c59","True",""
"Title42-T42CH34.pdf","https://legislature.idaho.gov/wp-content/uploads/statutesrules/idstat/Title42/T42CH34.pdf","115818","77d3043ec94c6faa3b70dd9c4b0d1482872492b04d91e9d741e8a85c1ec6c26f","True",""
"Title42-T42CH35.pdf","https://legislature.idaho.gov/wp-content/uploads/statutesrules/idstat/Title42/T42CH35.pdf","39837","0bedab131412f4151eddb5b30cf5c727ed755868afb3a3195a8b24eecffb95a2","True",""
"Title42-T42CH36.pdf","https://legislature.idaho.gov/wp-content/uploads/statutesrules/idstat/Title42/T42CH36.pdf","35723","aad343e0f878627311a8dd9dd0b3a1ed6f02850b5225e69e2f53c7ba5721d939","True",""
"Title42-T42CH37.pdf","https://legislature.idaho.gov/wp-content/uploads/statutesrules/idstat/Title42/T42CH37.pdf","79818","55d22c15867706740c4d0251f38ee4164e797fd708652d8b96c89c2a27e6d123","True",""
"Title42-T42CH38.pdf","https://legislature.idaho.gov/wp-content/uploads/statutesrules/idstat/Title42/T42CH38.pdf","54299","53be346af65dbe5eb608961b9e3374349557710136940d2d1590b9bcb553b714","True",""
"Title42-T42CH39.pdf","https://legislature.idaho.gov/wp-content/uploads/statutesrules/idstat/Title42/T42CH39.pdf","74550","bf3563af790cc4e96d98c98beae45befffd654b608114fa7c24084525b1ac219","True",""
"Title42-T42CH4.pdf","https://legislature.idaho.gov/wp-content/uploads/statutesrules/idstat/Title42/T42CH4.pdf","42116","509a184dfaa75b0beba220db4ccb9a30e8d2c44846e9368617eac056188b1169","True",""
"Title42-T42CH40.pdf","https://legislature.idaho.gov/wp-content/uploads/statutesrules/idstat/Title42/T42CH40.pdf","86985","6a633ab5ac2b2b3628705a8b3a75d4618910bf3cdd167f1f6e1665a4e88bd42a","True",""
"Title42-T42CH41.pdf","https://legislature.idaho.gov/wp-content/uploads/statutesrules/idstat/Title42/T42CH41.pdf","60586","52618a1d2e7cd29c0ab5897a88c91b5b388b49717be08745189026dc15e0f7c8","True",""
"Title42-T42CH42.pdf","https://legislature.idaho.gov/wp-content/uploads/statutesrules/idstat/Title42/T42CH42.pdf","106941","41c8626ed56b5428dc4484ea9b70926afee5b2cdae0a2bb1cc1071aa33266881","True",""
"Title42-T42CH43.pdf","https://legislature.idaho.gov/wp-content/uploads/statutesrules/idstat/Title42/T42CH43.pdf","40051","1d61b22dc0074e3b556ce192f8a15663aa1a9bd2bf4302226ec481502fffb59a","True",""
"Title42-T42CH44.pdf","https://legislature.idaho.gov/wp-content/uploads/statutesrules/idstat/Title42/T42CH44.pdf","64457","a8aa4e2997ec86059e5afe329f102fe1d3f65c2a7c3a568833c4aa0225a8d5f6","True",""
"Title42-T42CH5.pdf","https://legislature.idaho.gov/wp-content/uploads/statutesrules/idstat/Title42/T42CH5.pdf","54771","1c501f36a1a820f97124649f0fbf3ef9ca5c05b83a2bdaa4a2f0387963584f37","True",""
"Title42-T42CH51.pdf","https://legislature.idaho.gov/wp-content/uploads/statutesrules/idstat/Title42/T42CH51.pdf","110400","a023964ba08c7d8015d9ebe38891ca01093356e04846efb3debcdc8560fc48a3","True",""
"Title42-T42CH52.pdf","https://legislature.idaho.gov/wp-content/uploads/statutesrules/idstat/Title42/T42CH52.pdf","229113","1237bd645d028939f4ef6de844bfe0dfb5b417927af314a6b40a7e7eac8e5d4c","True",""
"Title42-T42CH6.pdf","https://legislature.idaho.gov/wp-content/uploads/statutesrules/idstat/Title42/T42CH6.pdf","110256","57b81b69fff09c94c0194b4ff197c1527301180e9efe85f92a2defd30ea5853e","True",""
"Title42-T42CH7.pdf","https://legislature.idaho.gov/wp-content/uploads/statutesrules/idstat/Title42/T42CH7.pdf","96174","2c41fbe6516747928c22ea2b6bb3287bb064f27c2b3d186458137386adc57599","True",""
"Title42-T42CH8.pdf","https://legislature.idaho.gov/wp-content/uploads/statutesrules/idstat/Title42/T42CH8.pdf","35708","dd93b82145bdeb750b205d737d26cbdaa4721f18c30336b1442ca510667863b3","True",""
"Title42-T42CH9.pdf","https://legislature.idaho.gov/wp-content/uploads/statutesrules/idstat/Title42/T42CH9.pdf","27760","dffbbc9e213acbd8d527958115f99ac3f8bddb0bd06e95fad995dae71e01c0f6","True",""
"Title43-T43CH1.pdf","https://legislature.idaho.gov/wp-content/uploads/statutesrules/idstat/Title43/T43CH1.pdf","70936","05ebdecad8dbf8645ee394f957bc4b6fa3373d121204ea8d3707613c525202d8","True",""
"Title43-T43CH10.pdf","https://legislature.idaho.gov/wp-content/uploads/statutesrules/idstat/Title43/T43CH10.pdf","41857","321ca773f1f5b9b9b6e3bcdcb0bd8d0e006007b31081e162fe75093eddd242b4","True",""
"Title43-T43CH11.pdf","https://legislature.idaho.gov/wp-content/uploads/statutesrules/idstat/Title43/T43CH11.pdf","97851","50eebd7b58bc9529689c19f2ee369a2976d205ab044af1a5be6f2272d0c2d783","True",""
"Title43-T43CH12.pdf","https://legislature.idaho.gov/wp-content/uploads/statutesrules/idstat/Title43/T43CH12.pdf","29454","6f0a546898aca22ce16cb8f19080c8097244c505b713b37fb946dc6d364b5b3e","True",""
"Title43-T43CH13.pdf","https://legislature.idaho.gov/wp-content/uploads/statutesrules/idstat/Title43/T43CH13.pdf","64092","8398c56ec701552dd3573d77f11d8f0445df51d8914653f3df0713437b025a2e","True",""
"Title43-T43CH14.pdf","https://legislature.idaho.gov/wp-content/uploads/statutesrules/idstat/Title43/T43CH14.pdf","45325","a83e96da9fc2b3d0c1881514e1651fe9b284dd034286b3728877d7c06a2f6b98","True",""
"Title43-T43CH15.pdf","https://legislature.idaho.gov/wp-content/uploads/statutesrules/idstat/Title43/T43CH15.pdf","53939","105b248cc55c52769ea8c332699d1637483d0e5dda3177ab8e71244774b27355","True",""
"Title43-T43CH16.pdf","https://legislature.idaho.gov/wp-content/uploads/statutesrules/idstat/Title43/T43CH16.pdf","40613","b7390c9cde1837069e1eb218cbadf5bcf15a2c4f06035d335a5ace22615c1a9d","True",""
"Title43-T43CH17.pdf","https://legislature.idaho.gov/wp-content/uploads/statutesrules/idstat/Title43/T43CH17.pdf","50228","1687345d1de8774e703124441c046d42fd41288c23428c73883c0005477a4296","True",""
"Title43-T43CH18.pdf","https://legislature.idaho.gov/wp-content/uploads/statutesrules/idstat/Title43/T43CH18.pdf","81098","3c48ced503d40a3f45172946a3a440bae2dc6a84e638b5dd0683c42e7326741a","True",""
"Title43-T43CH19.pdf","https://legislature.idaho.gov/wp-content/uploads/statutesrules/idstat/Title43/T43CH19.pdf","68316","858dcf35329b05405a8341da94b625a988fa772930c3882e541a02393000d45d","True",""
"Title43-T43CH2.pdf","https://legislature.idaho.gov/wp-content/uploads/statutesrules/idstat/Title43/T43CH2.pdf","105500","a914d7253e61259f82ab6f3b7221898f889ec34ebe9a34c906f50f5201e13ec9","True",""
"Title43-T43CH20.pdf","https://legislature.idaho.gov/wp-content/uploads/statutesrules/idstat/Title43/T43CH20.pdf","44743","26ec48c2e1a4b8b560554ba99d0e021d025c8fcec4acf208d989fb05c98d4997","True",""
"Title43-T43CH21.pdf","https://legislature.idaho.gov/wp-content/uploads/statutesrules/idstat/Title43/T43CH21.pdf","48828","2cf95b98295c74486ea1c721fe45b39d715c32ff4a5444152e653c5ca2df5648","True",""
"Title43-T43CH22.pdf","https://legislature.idaho.gov/wp-content/uploads/statutesrules/idstat/Title43/T43CH22.pdf","79692","d903f22ec291fabd8d3a4996c963b2a5734c4c5a9bbc1b8b5277a71f1716cfe2","True",""
"Title43-T43CH23.pdf","https://legislature.idaho.gov/wp-content/uploads/statutesrules/idstat/Title43/T43CH23.pdf","65991","9f2c9c18a1ad41c44c35de38327ca121f0d199b18ddaf3351c7233523cfadac3","True",""
"Title43-T43CH24.pdf","https://legislature.idaho.gov/wp-content/uploads/statutesrules/idstat/Title43/T43CH24.pdf","42308","34e56ce742f5ba73f211d4bd870f6727a19180333727757c16840c4858c7c7bb","True",""
"Title43-T43CH25.pdf","https://legislature.idaho.gov/wp-content/uploads/statutesrules/idstat/Title43/T43CH25.pdf","141542","141f1ec42c537f73f5c2f554563f04605772529d2565ddc312d7472ffc3bb295","True",""
"Title43-T43CH3.pdf","https://legislature.idaho.gov/wp-content/uploads/statutesrules/idstat/Title43/T43CH3.pdf","156589","b03fd0f734beda0328dc1868130f2832f8d6df3b425d7ab9dfe42ad566731729","True",""
"Title43-T43CH4.pdf","https://legislature.idaho.gov/wp-content/uploads/statutesrules/idstat/Title43/T43CH4.pdf","86915","ca8169fc4ddf6d8bd22b762ee0c72faaa489841e103256809c10cecd7f872ad0","True",""
"Title43-T43CH5.pdf","https://legislature.idaho.gov/wp-content/uploads/statutesrules/idstat/Title43/T43CH5.pdf","34433","aa2eee01814005063ee872d0a49bd00af484f47b52324e864d26bec812404e51","True",""
"Title43-T43CH6.pdf","https://legislature.idaho.gov/wp-content/uploads/statutesrules/idstat/Title43/T43CH6.pdf","62382","c08dfa603dd3d5447cb94f40f4f81d4fb2ffd1b26b4763456572aa2be0e80eef","True",""
"Title43-T43CH7.pdf","https://legislature.idaho.gov/wp-content/uploads/statutesrules/idstat/Title43/T43CH7.pdf","168506","3d9a43bcdfac7aff5a3096e74cd38cb8b65de537457a5963cd033d7373a6c5b3","True",""
"Title43-T43CH8.pdf","https://legislature.idaho.gov/wp-content/uploads/statutesrules/idstat/Title43/T43CH8.pdf","41282","379c5769ff2b420cd0edccc6b7634b456445a89c8e9126feb3af5bfef8cb472f","True",""
"Title43-T43CH9.pdf","https://legislature.idaho.gov/wp-content/uploads/statutesrules/idstat/Title43/T43CH9.pdf","46963","2200745e9274621c5dd5e686a2d88bc91aecea0f0e655304213026cb94892f21","True",""
"Title44-T44CH10.pdf","https://legislature.idaho.gov/wp-content/uploads/statutesrules/idstat/Title44/T44CH10.pdf","38488","9886bf74f5e1303c30a46217ded4dcdff9322fba86f599511ac0d59d80e52a80","True",""
"Title44-T44CH12.pdf","https://legislature.idaho.gov/wp-content/uploads/statutesrules/idstat/Title44/T44CH12.pdf","37498","b335a2c13dc125d96b2690a7687cb5763c2058a524076be0dd61ba9fcbcb507f","True",""
"Title44-T44CH13.pdf","https://legislature.idaho.gov/wp-content/uploads/statutesrules/idstat/Title44/T44CH13.pdf","44656","55184c48c25388b6ad3230d5af8ed46f5b038b1ce7eda130f4b2fc047a25c7e2","True",""
"Title44-T44CH14.pdf","https://legislature.idaho.gov/wp-content/uploads/statutesrules/idstat/Title44/T44CH14.pdf","43511","3ac1e065c5738518ed3d8e9ded8edf94b66190d33b5ddaad5ad559e1b1302996","True",""
"Title44-T44CH15.pdf","https://legislature.idaho.gov/wp-content/uploads/statutesrules/idstat/Title44/T44CH15.pdf","50936","54a65bcdfc4e513fbca6441949128cd30f1630e981e6fbe864b26cd60deb61a7","True",""
"Title44-T44CH16.pdf","https://legislature.idaho.gov/wp-content/uploads/statutesrules/idstat/Title44/T44CH16.pdf","74101","ca901c589a6afd840638206f7c34f47966bf9ec48d1b1e11a93db1af0fd8ed93","True",""
"Title44-T44CH17.pdf","https://legislature.idaho.gov/wp-content/uploads/statutesrules/idstat/Title44/T44CH17.pdf","37704","1555068bc0026603137890fd687c7a39d94dc5b9bb085abde0c9d778d8f98f01","True",""
"Title44-T44CH18.pdf","https://legislature.idaho.gov/wp-content/uploads/statutesrules/idstat/Title44/T44CH18.pdf","49261","d5a30b1ab4670d5b7a27445f9ef0ef817791226379a015fb845150724f395e49","True",""
"Title44-T44CH19.pdf","https://legislature.idaho.gov/wp-content/uploads/statutesrules/idstat/Title44/T44CH19.pdf","35546","8622e0c1934c623a38ea1da0f18a7a7b59e10e1d941c377dc0210a9a118a8cab","True",""
"Title44-T44CH2.pdf","https://legislature.idaho.gov/wp-content/uploads/statutesrules/idstat/Title44/T44CH2.pdf","33451","98f4d8f736d811b6afd919a52f80472c4802953949906a1ad76ebb8ea9b1f03a","True",""
"Title44-T44CH20.pdf","https://legislature.idaho.gov/wp-content/uploads/statutesrules/idstat/Title44/T44CH20.pdf","48431","333c1ae0c0d0388a4d313dac72aef79c16660c70a0d70a3f4c27424c08a22fe3","True",""
"Title44-T44CH21.pdf","https://legislature.idaho.gov/wp-content/uploads/statutesrules/idstat/Title44/T44CH21.pdf","61905","ee91119a8b59a24dc0d24edafb205b42f4d43b64d252bd387cfcf3275c914977","True",""
"Title44-T44CH22.pdf","https://legislature.idaho.gov/wp-content/uploads/statutesrules/idstat/Title44/T44CH22.pdf","34182","c423063d026b0066b2dc16ca502e63aeeee37a74b06ee4d20c0ad6bcb9366845","True",""
"Title44-T44CH24.pdf","https://legislature.idaho.gov/wp-content/uploads/statutesrules/idstat/Title44/T44CH24.pdf","44888","902ce6b4d4c99b7ab3c1865be51666a7e5951187e33472fad471ef45bb467f4a","True",""
"Title44-T44CH25.pdf","https://legislature.idaho.gov/wp-content/uploads/statutesrules/idstat/Title44/T44CH25.pdf","44798","f02283acae7ae815fca8d03b6ec1bd2c95620cb2951d44c72c0d5f47a15621f6","True",""
"Title44-T44CH26.pdf","https://legislature.idaho.gov/wp-content/uploads/statutesrules/idstat/Title44/T44CH26.pdf","40342","603c685245759e339546b2c3e837a6815ad73caf89bed16d0b8772051cb068a9","True",""
"Title44-T44CH27.pdf","https://legislature.idaho.gov/wp-content/uploads/statutesrules/idstat/Title44/T44CH27.pdf","36296","e8ce320b7cf9344e405e0cac6d025aae5e349f9ffebaa4a88f1f0e904baa51bc","True",""
"Title44-T44CH28.pdf","https://legislature.idaho.gov/wp-content/uploads/statutesrules/idstat/Title44/T44CH28.pdf","72512","80db34684ca3781b1a56af2485a35ab01a4217ea9dd096d796a7914706d2047b","False","Chapter HTML and all section pages preserved separately"
"Title44-T44CH5.pdf","https://legislature.idaho.gov/wp-content/uploads/statutesrules/idstat/Title44/T44CH5.pdf","35948","1dd1dfad809091510f5ff045569783d1cd520461784f84ec4bf42ac882ec1a59","True",""
"Title44-T44CH6.pdf","https://legislature.idaho.gov/wp-content/uploads/statutesrules/idstat/Title44/T44CH6.pdf","44924","81babbd2bd7f9df4d53b80807951394dfa96f5144cc354316e3d08df3b9e9d4a","True",""
"Title44-T44CH7.pdf","https://legislature.idaho.gov/wp-content/uploads/statutesrules/idstat/Title44/T44CH7.pdf","56405","282d17b131cbac437d89121b4aad543382a66fa6bfc902e439b15d8360eee1a9","True",""
"Title44-T44CH8.pdf","https://legislature.idaho.gov/wp-content/uploads/statutesrules/idstat/Title44/T44CH8.pdf","29785","2acf4c5df11fc0ecf58336f1fd0192c5bac3a4dcb7da63cf4c93068f2bbeb2ac","True",""
"Title44-T44CH9.pdf","https://legislature.idaho.gov/wp-content/uploads/statutesrules/idstat/Title44/T44CH9.pdf","36512","2d93b289599897babcd16fbc1daf1325552ca35d5930288e51f2d892984bdff2","True",""
"Title45-T45CH1.pdf","https://legislature.idaho.gov/wp-content/uploads/statutesrules/idstat/Title45/T45CH1.pdf","43082","56e8144e26fa11b303b5ab61f64b071b8540f465889ded4f0300e4f01b3e7c65","True",""
"Title45-T45CH10.pdf","https://legislature.idaho.gov/wp-content/uploads/statutesrules/idstat/Title45/T45CH10.pdf","36058","e6841d9b4031ff65de5160f613f6cc33e353c8285539376635672301b86c3c98","True",""
"Title45-T45CH11.pdf","https://legislature.idaho.gov/wp-content/uploads/statutesrules/idstat/Title45/T45CH11.pdf","47245","ce63a78d86f5c9b4fd2f39a75042b2dda1a547a83b77b4c93e6af894a0024c64","True",""
"Title45-T45CH12.pdf","https://legislature.idaho.gov/wp-content/uploads/statutesrules/idstat/Title45/T45CH12.pdf","48044","87058116e8377390c4211a1c13268825af62eaa3bce973e7c1b691f4dce24bac","True",""
"Title45-T45CH13.pdf","https://legislature.idaho.gov/wp-content/uploads/statutesrules/idstat/Title45/T45CH13.pdf","31276","bc6a07d0761d1091f6f9b57ddca26870166d37fc44101a57945c19f6296bf5ed","True",""
"Title45-T45CH15.pdf","https://legislature.idaho.gov/wp-content/uploads/statutesrules/idstat/Title45/T45CH15.pdf","111056","af7f05b18fcef5ac07befc50e88723da8c46065b3d1415e5f7670f8386492992","True",""
"Title45-T45CH16.pdf","https://legislature.idaho.gov/wp-content/uploads/statutesrules/idstat/Title45/T45CH16.pdf","43466","dcd026dd71db4e49721b8ea51dd795cd2df5ef0cd1299bada26460d876da4bad","True",""
"Title45-T45CH18.pdf","https://legislature.idaho.gov/wp-content/uploads/statutesrules/idstat/Title45/T45CH18.pdf","45491","0a96d9eee85a90fb54646009038ba9c074834d6425af0f6f316ba1ced1dc761b","True",""
"Title45-T45CH19.pdf","https://legislature.idaho.gov/wp-content/uploads/statutesrules/idstat/Title45/T45CH19.pdf","59257","a02b1b665db87e1a4f1a3051ff1a5e6037ca53d147a3d1958d604e51badb2410","True",""
"Title45-T45CH2.pdf","https://legislature.idaho.gov/wp-content/uploads/statutesrules/idstat/Title45/T45CH2.pdf","38145","c38e878752966e2f396491f9f0d696e91e9f27df4d8e66a7c7dfa0f2c7d988f9","True",""
"Title45-T45CH3.pdf","https://legislature.idaho.gov/wp-content/uploads/statutesrules/idstat/Title45/T45CH3.pdf","53739","565e5831184a4d4f2a12760a57910ee2c6c5731ce6e8308f2aa4720a34f5ee44","True",""
"Title45-T45CH4.pdf","https://legislature.idaho.gov/wp-content/uploads/statutesrules/idstat/Title45/T45CH4.pdf","52663","477e41aa8350984f4b0c42b5fed38e633724ef33fb2ee24feb0d2e936888e3d1","True",""
"Title45-T45CH5.pdf","https://legislature.idaho.gov/wp-content/uploads/statutesrules/idstat/Title45/T45CH5.pdf","81259","6211136a2bd8ed43156a6404db1093476a0c81d5269a705227c3b8de5b3b0151","True",""
"Title45-T45CH6.pdf","https://legislature.idaho.gov/wp-content/uploads/statutesrules/idstat/Title45/T45CH6.pdf","89023","4e5cdd94adc2caeaa4ec26877b49ce51a550a162b5414d189152afc087ed2aff","True",""
"Title45-T45CH7.pdf","https://legislature.idaho.gov/wp-content/uploads/statutesrules/idstat/Title45/T45CH7.pdf","43383","d52068a589e2c031ef231effcfa901225ece02be17bafe1e62397fa855729029","True",""
"Title45-T45CH8.pdf","https://legislature.idaho.gov/wp-content/uploads/statutesrules/idstat/Title45/T45CH8.pdf","56810","4add06e6427f09ff05a0958e6ca03a51899dfa9767fddad2d6ff7bbb487b5a4d","True",""
"Title45-T45CH9.pdf","https://legislature.idaho.gov/wp-content/uploads/statutesrules/idstat/Title45/T45CH9.pdf","42382","f172f0b797058940ad5e43f982c86f6ce41529e5a110ae56f3412c21d9a40c82","True",""
"Title46-T46CH1.pdf","https://legislature.idaho.gov/wp-content/uploads/statutesrules/idstat/Title46/T46CH1.pdf","61678","ced134e87605cac95fa8d83ff6956b834501faa2d15579fdabf6559c99b5c244","True",""
"Title46-T46CH10.pdf","https://legislature.idaho.gov/wp-content/uploads/statutesrules/idstat/Title46/T46CH10.pdf","141006","65eb81ace91f71d69fa555444002e45742f2c7dcb9b6787ae480646ab71103aa","True",""
"Title46-T46CH11.pdf","https://legislature.idaho.gov/wp-content/uploads/statutesrules/idstat/Title46/T46CH11.pdf","287917","5df5c79e99b417d3c4f870c3e0240fcabf6a84b6473a88ba8c472b3831bdc285","True",""
"Title46-T46CH2.pdf","https://legislature.idaho.gov/wp-content/uploads/statutesrules/idstat/Title46/T46CH2.pdf","49450","0bb7c637ce269a919eafd1b0b8875781fff3db8d9698be29e84fda138c405902","True",""
"Title46-T46CH3.pdf","https://legislature.idaho.gov/wp-content/uploads/statutesrules/idstat/Title46/T46CH3.pdf","33059","7037d323e69086628d84d7809177130321618ef69b16d75a43d12f06b5c84cee","True",""
"Title46-T46CH4.pdf","https://legislature.idaho.gov/wp-content/uploads/statutesrules/idstat/Title46/T46CH4.pdf","49060","df84aa5d2fd7d6cffe0d1066bffe45552e05fbaab2ddfa5ba84dc9050512962b","True",""
"Title46-T46CH5.pdf","https://legislature.idaho.gov/wp-content/uploads/statutesrules/idstat/Title46/T46CH5.pdf","36307","cd80c923db7bc038d6814ed6d506aef93a434db3760f3bf88a847ac36e5cab9d","True",""
"Title46-T46CH6.pdf","https://legislature.idaho.gov/wp-content/uploads/statutesrules/idstat/Title46/T46CH6.pdf","50277","c0129ece54868ed28e03c2e4b1798be8b39767247ff4c3262b8a755af3cdc981","True",""
"Title46-T46CH7.pdf","https://legislature.idaho.gov/wp-content/uploads/statutesrules/idstat/Title46/T46CH7.pdf","62095","0b0830afac3648acea77a04b91653b90c3a9b81cfe0bb1a11034c9e64ce1e659","True",""
"Title46-T46CH8.pdf","https://legislature.idaho.gov/wp-content/uploads/statutesrules/idstat/Title46/T46CH8.pdf","46648","90a85512beecf26ea1c2613bb7c728329111cb1de8be621337a17262b4333096","True",""
"Title46-T46CH9.pdf","https://legislature.idaho.gov/wp-content/uploads/statutesrules/idstat/Title46/T46CH9.pdf","164793","2e526f0eeb76086a3024d1202a1cb2ab5027e70bc9c95cb3bacd1d35917a7800","True",""
"Title47-T47CH10.pdf","https://legislature.idaho.gov/wp-content/uploads/statutesrules/idstat/Title47/T47CH10.pdf","33555","f8649d4fe919b3919b8f9935ebb8afce6913f39a7943ef892b21b761ed824dd0","True",""
"Title47-T47CH11.pdf","https://legislature.idaho.gov/wp-content/uploads/statutesrules/idstat/Title47/T47CH11.pdf","33288","ae46ce6f2bcae920c10ac9735941d91e74952750647e72dca408e8b24089d0dd","True",""
"Title47-T47CH12.pdf","https://legislature.idaho.gov/wp-content/uploads/statutesrules/idstat/Title47/T47CH12.pdf","53540","66f54410d6344da5f328fcfc1d7fcb651518298d158584d17931f20523e99318","True",""
"Title47-T47CH13.pdf","https://legislature.idaho.gov/wp-content/uploads/statutesrules/idstat/Title47/T47CH13.pdf","73962","caab81000eba20e543eaac1fda435cd1873f2f638e3278f7e1354515c625c8bc","True",""
"Title47-T47CH14.pdf","https://legislature.idaho.gov/wp-content/uploads/statutesrules/idstat/Title47/T47CH14.pdf","33221","c9785c9ce21c10180be3cd999e33ac136efd7da0ce55e0e92b4e35cf58bb5af1","True",""
"Title47-T47CH15.pdf","https://legislature.idaho.gov/wp-content/uploads/statutesrules/idstat/Title47/T47CH15.pdf","134504","e63fb0228ce1fe3ee0e8b851a50c46d534c248ca7c491fddb1abfb6a1390fbf7","True",""
"Title47-T47CH16.pdf","https://legislature.idaho.gov/wp-content/uploads/statutesrules/idstat/Title47/T47CH16.pdf","40699","e1c771923d9bae45e26b2858b6576db81e694abcc0b748596d810dd01d8e8228","True",""
"Title47-T47CH17.pdf","https://legislature.idaho.gov/wp-content/uploads/statutesrules/idstat/Title47/T47CH17.pdf","46642","5512a0cab449d4000b9a007935e8e010ec98026aeecc59840d7b20baf9ea0cf8","True",""
"Title47-T47CH18.pdf","https://legislature.idaho.gov/wp-content/uploads/statutesrules/idstat/Title47/T47CH18.pdf","34025","79eac81689f1643f75ecd40fb158dc322584022f6008769f08aa3a606591643e","True",""
"Title47-T47CH2.pdf","https://legislature.idaho.gov/wp-content/uploads/statutesrules/idstat/Title47/T47CH2.pdf","36999","abc4196a257f16f0a8ad9b6a5d6b18e3691a8ae83d60567dab947c3d36fcbecc","True",""
"Title47-T47CH3.pdf","https://legislature.idaho.gov/wp-content/uploads/statutesrules/idstat/Title47/T47CH3.pdf","214035","6156d2d925928048a959d36f784bc360bf9614b30a870cfd7fcd0d9b6bb81a55","True",""
"Title47-T47CH6.pdf","https://legislature.idaho.gov/wp-content/uploads/statutesrules/idstat/Title47/T47CH6.pdf","51894","f545b3c19f0422fd0c7f3be7c5f54f55ddec98f1ceb02e73ec73d4d2226c45a1","True",""
"Title47-T47CH7.pdf","https://legislature.idaho.gov/wp-content/uploads/statutesrules/idstat/Title47/T47CH7.pdf","97509","7676c4904634d20be7f46808d12a638cea3b75fd1feb7db7484e49574a23dff8","True",""
"Title47-T47CH8.pdf","https://legislature.idaho.gov/wp-content/uploads/statutesrules/idstat/Title47/T47CH8.pdf","45184","cbb9d72ae6a16f69b7d203f23b23dbeee99aaeac3fb1bab99588c0552ea32d95","True",""
"Title47-T47CH9.pdf","https://legislature.idaho.gov/wp-content/uploads/statutesrules/idstat/Title47/T47CH9.pdf","44932","e24b88d9e4c2cd608a05f0a48f694eae2dcf9f06e9aa6cec0ad7a2c34a827a1a","True",""
"Title48-T48CH1.pdf","https://legislature.idaho.gov/wp-content/uploads/statutesrules/idstat/Title48/T48CH1.pdf","69089","17d6c46812101c2ed5b55f5d7a83ffbaae03ee5e2eb28dee6f674d5c140d0454","True",""
"Title48-T48CH10.pdf","https://legislature.idaho.gov/wp-content/uploads/statutesrules/idstat/Title48/T48CH10.pdf","77890","b30a4911840068b84dcd46fd4fbaf098e8030fb890bde805bf1be73431f5297b","True",""
"Title48-T48CH11.pdf","https://legislature.idaho.gov/wp-content/uploads/statutesrules/idstat/Title48/T48CH11.pdf","48299","1b01e4f04134e761b928bdf6c4aac1dcb0ce8fa89ca196a0fb46d03eb404ff1f","True",""
"Title48-T48CH12.pdf","https://legislature.idaho.gov/wp-content/uploads/statutesrules/idstat/Title48/T48CH12.pdf","42646","6d844aba24c5f6d13d2a5083514b8414584b2c00ab4d2841fce10ae36abc61b3","True",""
"Title48-T48CH13.pdf","https://legislature.idaho.gov/wp-content/uploads/statutesrules/idstat/Title48/T48CH13.pdf","40137","a78384490ef827124e451ada03769688bf3f6d4f036a9cd2c800429a2008243a","True",""
"Title48-T48CH14.pdf","https://legislature.idaho.gov/wp-content/uploads/statutesrules/idstat/Title48/T48CH14.pdf","46677","e9339b839b8d94ad32cd68d07fa295320a4dcc81125bdc826711f80ead7ccdbe","True",""
"Title48-T48CH15.pdf","https://legislature.idaho.gov/wp-content/uploads/statutesrules/idstat/Title48/T48CH15.pdf","60639","1696f28604c8e119a6605f5881925bdf8dfcb213eb163e50bda0b807c0240914","True",""
"Title48-T48CH16.pdf","https://legislature.idaho.gov/wp-content/uploads/statutesrules/idstat/Title48/T48CH16.pdf","38251","ea3799d97bb1b04646ba287b7670b0470eafd825b7de5026d80daf2e1667f305","True",""
"Title48-T48CH17.pdf","https://legislature.idaho.gov/wp-content/uploads/statutesrules/idstat/Title48/T48CH17.pdf","46316","96e78a4cdc43da87d08bb52d2ac66bcfcbd35d0e528e12b4520a8de4f692d0d7","True",""
"Title48-T48CH18.pdf","https://legislature.idaho.gov/wp-content/uploads/statutesrules/idstat/Title48/T48CH18.pdf","58682","aa029a17e6ad862704ee7f3eeb048b4ca106af259d0f910ca9c823a2dad20df1","True",""
"Title48-T48CH19.pdf","https://legislature.idaho.gov/wp-content/uploads/statutesrules/idstat/Title48/T48CH19.pdf","66775","edcfb75e29d59559b4b962a956eaa870444a2a72a71b383086156d43a9df4960","True",""
"Title48-T48CH2.pdf","https://legislature.idaho.gov/wp-content/uploads/statutesrules/idstat/Title48/T48CH2.pdf","42926","5615df7e0d7b5392e9fd48b6e6993684018c9c409b736dfb268168675a913cec","True",""
"Title48-T48CH20.pdf","https://legislature.idaho.gov/wp-content/uploads/statutesrules/idstat/Title48/T48CH20.pdf","40222","31d9e95753af03eda2be23b05161b6f46bd00d69506000d366c6e4ff53ace29a","True",""
"Title48-T48CH21.pdf","https://legislature.idaho.gov/wp-content/uploads/statutesrules/idstat/Title48/T48CH21.pdf","58146","f39ed97c1843f1a6b788ed6889290c2d28b076630e3890f2af5f37f92d1c2b47","True",""
"Title48-T48CH22.pdf","https://legislature.idaho.gov/wp-content/uploads/statutesrules/idstat/Title48/T48CH22.pdf","40730","470c1ac7e2303813d73e890007f221c521d444a1f90b24b266517b7ecae21c8d","True",""
"Title48-T48CH3.pdf","https://legislature.idaho.gov/wp-content/uploads/statutesrules/idstat/Title48/T48CH3.pdf","74711","019f209331c37e12370b7caa225b055187f650a07baf3d9f67b737e115082881","True",""
"Title48-T48CH5.pdf","https://legislature.idaho.gov/wp-content/uploads/statutesrules/idstat/Title48/T48CH5.pdf","70557","7e77276177b4f1490c77e675906f67433375bcb6e0d1d36405784252a3d0f0b9","True",""
"Title48-T48CH6.pdf","https://legislature.idaho.gov/wp-content/uploads/statutesrules/idstat/Title48/T48CH6.pdf","120397","3e4117c874dcbb727ff8c6fc9a4979356f63efbc2d29a6bd4ef9a0a3b8c9ad2b","True",""
"Title48-T48CH7.pdf","https://legislature.idaho.gov/wp-content/uploads/statutesrules/idstat/Title48/T48CH7.pdf","37436","bdc82c8f4fc3c643184a1e265315577607bc3db44138b61a7ae5a8e3727b206b","True",""
"Title48-T48CH8.pdf","https://legislature.idaho.gov/wp-content/uploads/statutesrules/idstat/Title48/T48CH8.pdf","39874","95dd7126ab1ffe99b402dc085e52cd01f67e3803d0f9550726b504fde9a2f918","True",""
"Title48-T48CH9.pdf","https://legislature.idaho.gov/wp-content/uploads/statutesrules/idstat/Title48/T48CH9.pdf","71786","e88739546c47a07970c7237141932385d2a6c66209f758c87351d76cbcdc262b","True",""
"Title49-T49CH1.pdf","https://legislature.idaho.gov/wp-content/uploads/statutesrules/idstat/Title49/T49CH1.pdf","226676","1dcc1b64413d0e9476a9280e16200dc239ba88a1d1a24a8dbc123a3398c1b9da","True",""
"Title49-T49CH10.pdf","https://legislature.idaho.gov/wp-content/uploads/statutesrules/idstat/Title49/T49CH10.pdf","129468","55eb8b1bb87352caaf18c3bb3619556397c004a06226fb25aa20e805cd8168b7","True",""
"Title49-T49CH12.pdf","https://legislature.idaho.gov/wp-content/uploads/statutesrules/idstat/Title49/T49CH12.pdf","105873","03025a4eb340d1933d09b2d780be8ddb41119f7c34d42fb26362abc2990a456a","True",""
"Title49-T49CH13.pdf","https://legislature.idaho.gov/wp-content/uploads/statutesrules/idstat/Title49/T49CH13.pdf","52577","be61b0dd8e6b22091cc4736739a29c3d9256d7e2f27d19c9ac90f1f2b232a9e7","True",""
"Title49-T49CH14.pdf","https://legislature.idaho.gov/wp-content/uploads/statutesrules/idstat/Title49/T49CH14.pdf","101501","519fef1ee8697a7c40d9fd03aace1feb4392bd8410b70f5d717b16fd4b42594d","True",""
"Title49-T49CH15.pdf","https://legislature.idaho.gov/wp-content/uploads/statutesrules/idstat/Title49/T49CH15.pdf","34916","54eeaffaff8489bcef7eb40c23f08c2012293cfeede60d8db31a606ad016c43c","True",""
"Title49-T49CH16.pdf","https://legislature.idaho.gov/wp-content/uploads/statutesrules/idstat/Title49/T49CH16.pdf","254713","862101b192d6ca8a5f087b4c3649fdbc5f35caa822fc1bbe74685c2b8c26e402","True",""
"Title49-T49CH17.pdf","https://legislature.idaho.gov/wp-content/uploads/statutesrules/idstat/Title49/T49CH17.pdf","45483","2f2a5b86362dda7e74f30b4410dfeae6242e5884dc852a49f8abdb8cc658cbe8","True",""
"Title49-T49CH18.pdf","https://legislature.idaho.gov/wp-content/uploads/statutesrules/idstat/Title49/T49CH18.pdf","71509","807946f715eff9d2558d07014193f23db6357b8ae946a2866a23583f51f020c6","True",""
"Title49-T49CH19.pdf","https://legislature.idaho.gov/wp-content/uploads/statutesrules/idstat/Title49/T49CH19.pdf","52156","42ea46ce174556db81ad9fda54beb11721894c31e088c89b241b16cf8f6ffb91","True",""
"Title49-T49CH2.pdf","https://legislature.idaho.gov/wp-content/uploads/statutesrules/idstat/Title49/T49CH2.pdf","138405","f9f53a8e0189da3574a552b1ef28311915cafcc4762c3db5b85b03646c474ee7","True",""
"Title49-T49CH20.pdf","https://legislature.idaho.gov/wp-content/uploads/statutesrules/idstat/Title49/T49CH20.pdf","42968","b211dc75987d4d5366274d36c7e22ecca4eca576794b1f889767ec855f645082","True",""
"Title49-T49CH22.pdf","https://legislature.idaho.gov/wp-content/uploads/statutesrules/idstat/Title49/T49CH22.pdf","65546","dd3cd9423dbca6dfd1fe9600d49e846423ee0f7839bda5ba4048de1a1392a578","True",""
"Title49-T49CH24.pdf","https://legislature.idaho.gov/wp-content/uploads/statutesrules/idstat/Title49/T49CH24.pdf","106038","392d41351a866f183a45b334218f8cf095161b7bf286625edd99d820cf073f70","True",""
"Title49-T49CH25.pdf","https://legislature.idaho.gov/wp-content/uploads/statutesrules/idstat/Title49/T49CH25.pdf","48409","59d9fe9175d8128037911d1ed21ee80911b840e29fbaa80d1ba99bb9a938a21d","True",""
"Title49-T49CH27.pdf","https://legislature.idaho.gov/wp-content/uploads/statutesrules/idstat/Title49/T49CH27.pdf","43413","67d31640ed79cd3b4179cf3d3ab8dca693e917a1a3fb650ce1a5cf59a4349b58","True",""
"Title49-T49CH29.pdf","https://legislature.idaho.gov/wp-content/uploads/statutesrules/idstat/Title49/T49CH29.pdf","55477","cba5b6c78b058f4681e4ce04379aa2740bf25aea5839e5d41767be505dd813c1","True",""
"Title49-T49CH3.pdf","https://legislature.idaho.gov/wp-content/uploads/statutesrules/idstat/Title49/T49CH3.pdf","250001","58830679b88b37bec7b04cec76177da675ac49f04ed380d37cfcae4ba3b43180","True",""
"Title49-T49CH30.pdf","https://legislature.idaho.gov/wp-content/uploads/statutesrules/idstat/Title49/T49CH30.pdf","18682","c67d1ba15e2df3cf8d75d5c928fc438418fa9a84a578bc9a1a98b72e9dd93b46","True",""
"Title49-T49CH31.pdf","https://legislature.idaho.gov/wp-content/uploads/statutesrules/idstat/Title49/T49CH31.pdf","18374","940c7e0f6bf10f69af0460f75063d3e04e9bb7e5330021e4ad747a0fd1c1b23c","True",""
"Title49-T49CH34.pdf","https://legislature.idaho.gov/wp-content/uploads/statutesrules/idstat/Title49/T49CH34.pdf","18087","53c5df30ebb33c5d82917c01197369361264cb11e7e8031f9f14b761e73bd4ea","True",""
"Title49-T49CH35.pdf","https://legislature.idaho.gov/wp-content/uploads/statutesrules/idstat/Title49/T49CH35.pdf","18255","0e6d00b12b7e31b50116099871681f694d7a08d18d49b417e363a7ee87fbc823","True",""
"Title49-T49CH36.pdf","https://legislature.idaho.gov/wp-content/uploads/statutesrules/idstat/Title49/T49CH36.pdf","27760","262a735c13605f3d289b9ae6d8f2a950827ce121ab8f1aa2e1f8c8520f4019b4","True",""
"Title49-T49CH37.pdf","https://legislature.idaho.gov/wp-content/uploads/statutesrules/idstat/Title49/T49CH37.pdf","46953","036caedd3f21b1f9c1073bf92c43e8d6f2171103f40c29577171d4bcd414a8a5","True",""
"Title49-T49CH4.pdf","https://legislature.idaho.gov/wp-content/uploads/statutesrules/idstat/Title49/T49CH4.pdf","527677","d72fb23561875bed40fe37cf0c562d9073a09298fab5fbb3599355c07b7ef63a","True",""
"Title49-T49CH5.pdf","https://legislature.idaho.gov/wp-content/uploads/statutesrules/idstat/Title49/T49CH5.pdf","137343","d5da0dca02f35a3b6fabbab6579c1bd5a5c1cb886dbf46ee77eacf7a93a2bd53","True",""
"Title49-T49CH6.pdf","https://legislature.idaho.gov/wp-content/uploads/statutesrules/idstat/Title49/T49CH6.pdf","133718","f4bb557a5af40297a673fa374c9dce08c6652fce9780091040f70985dab353b4","True",""
"Title49-T49CH7.pdf","https://legislature.idaho.gov/wp-content/uploads/statutesrules/idstat/Title49/T49CH7.pdf","58375","1de70986cecb10598938e6475d2179bd6695562f2b309742464c424772890e28","True",""
"Title49-T49CH8.pdf","https://legislature.idaho.gov/wp-content/uploads/statutesrules/idstat/Title49/T49CH8.pdf","58340","24eb0f09fb1c11afb366d362293daffd65c9c04fee016ccb3bae521a672ae63b","True",""
"Title49-T49CH9.pdf","https://legislature.idaho.gov/wp-content/uploads/statutesrules/idstat/Title49/T49CH9.pdf","168169","86f6c9c8c33fab39f20214832947e9dcd7c9b416e1438dad2b41794e01ae6e57","True",""
"Title5-T5CH10.pdf","https://legislature.idaho.gov/wp-content/uploads/statutesrules/idstat/Title5/T5CH10.pdf","27760","95266c73708f72d41151d526e229c72f99c5002b6e180c07c2b3cb2a0bf75c31","True",""
"Title5-T5CH2.pdf","https://legislature.idaho.gov/wp-content/uploads/statutesrules/idstat/Title5/T5CH2.pdf","85484","520020644fee5e933a5a8852963e7bf13f64d891108f1394641eca98b935ca08","True",""
"Title5-T5CH3.pdf","https://legislature.idaho.gov/wp-content/uploads/statutesrules/idstat/Title5/T5CH3.pdf","85571","4a97f403c50a42c018a5aba074c7ba84c2ced2f8c08c8c0c05c5b5892d296698","True",""
"Title5-T5CH4.pdf","https://legislature.idaho.gov/wp-content/uploads/statutesrules/idstat/Title5/T5CH4.pdf","38324","b639f12ff48f594ee9481fdf6131b2179bed97abdf854ee8a2863bc6e7578ce3","True",""
"Title5-T5CH5.pdf","https://legislature.idaho.gov/wp-content/uploads/statutesrules/idstat/Title5/T5CH5.pdf","45115","4bd7e27b7c4f38ebe8b63dc15135b16218786106df3d7cf9f1e1de490dbd98c2","True",""
"Title50-T50CH1.pdf","https://legislature.idaho.gov/wp-content/uploads/statutesrules/idstat/Title50/T50CH1.pdf","36886","b99e56ae86ada117e18d0355c91e7d464ab479085f6964051ddd7ac3b787641b","True",""
"Title50-T50CH10.pdf","https://legislature.idaho.gov/wp-content/uploads/statutesrules/idstat/Title50/T50CH10.pdf","163683","116092428c84ca188f06cb9349e7248032825f223d813629822e4cc144100f7c","True",""
"Title50-T50CH13.pdf","https://legislature.idaho.gov/wp-content/uploads/statutesrules/idstat/Title50/T50CH13.pdf","124877","35e2883b0392a3dfed836ecb01aa16377b733499227ac70da2f00daa0478cfd3","True",""
"Title50-T50CH14.pdf","https://legislature.idaho.gov/wp-content/uploads/statutesrules/idstat/Title50/T50CH14.pdf","43984","b637eb7f010d324096d5eeba3c5c740c4d6185ecccef45d6ac1c5e8a58a6cf29","True",""
"Title50-T50CH15.pdf","https://legislature.idaho.gov/wp-content/uploads/statutesrules/idstat/Title50/T50CH15.pdf","87253","25501668a446bf3bb351c5cdfa9077b0a2b78d602d1ccabb3141c83226eee727","True",""
"Title50-T50CH16.pdf","https://legislature.idaho.gov/wp-content/uploads/statutesrules/idstat/Title50/T50CH16.pdf","47957","fa83d9f1d281677099a1b1c915085c297254d5d68ad6551dfe0a43046affc9fb","True",""
"Title50-T50CH17.pdf","https://legislature.idaho.gov/wp-content/uploads/statutesrules/idstat/Title50/T50CH17.pdf","162371","ac2c5efbc8977b69cc389032b0917f47b0096ade100b0a50eafba90f20984f4a","True",""
"Title50-T50CH18.pdf","https://legislature.idaho.gov/wp-content/uploads/statutesrules/idstat/Title50/T50CH18.pdf","100378","f4ac0173a6f483cdc2c0298140f6ae64342f715dadfd61dbfa6c92cdaddf4c83","True",""
"Title50-T50CH19.pdf","https://legislature.idaho.gov/wp-content/uploads/statutesrules/idstat/Title50/T50CH19.pdf","97927","a1d228276416bd4d8cc82558e5872f39d31ebe33591cd310fa3de3b0f3e0c29c","True",""
"Title50-T50CH2.pdf","https://legislature.idaho.gov/wp-content/uploads/statutesrules/idstat/Title50/T50CH2.pdf","106538","7bfd3e57244026818ce7732922c31163610ed93eb450b409678d85f57a413fc0","True",""
"Title50-T50CH20.pdf","https://legislature.idaho.gov/wp-content/uploads/statutesrules/idstat/Title50/T50CH20.pdf","140745","342cc04edc5d491cc43219081ecf4dbeb801ffb1e99b1d7dba85cf7dbb7a588d","True",""
"Title50-T50CH21.pdf","https://legislature.idaho.gov/wp-content/uploads/statutesrules/idstat/Title50/T50CH21.pdf","51430","acec72f79ff5cc2e61acd5c32717ff5ca747e6450005040f3da1f9a8bf78e9f7","True",""
"Title50-T50CH22.pdf","https://legislature.idaho.gov/wp-content/uploads/statutesrules/idstat/Title50/T50CH22.pdf","47701","2be8f5b768a4bd9926dc2e61131511daf086472c4ec196354c3080300d263753","True",""
"Title50-T50CH23.pdf","https://legislature.idaho.gov/wp-content/uploads/statutesrules/idstat/Title50/T50CH23.pdf","41601","5ef743f726077c44e182215767c73064c10201ba8e0d50465a4ab7a097df1b08","True",""
"Title50-T50CH25.pdf","https://legislature.idaho.gov/wp-content/uploads/statutesrules/idstat/Title50/T50CH25.pdf","80953","6adadb58a9c1ba6ce5271d55de0a7c0151a9fba8e470c2c9e0bf00450cd328e6","True",""
"Title50-T50CH26.pdf","https://legislature.idaho.gov/wp-content/uploads/statutesrules/idstat/Title50/T50CH26.pdf","58273","5c31ec186cc923a9c33ecc5b02badf2daedfeb40ce716c0c66ae92cd7404733c","True",""
"Title50-T50CH27.pdf","https://legislature.idaho.gov/wp-content/uploads/statutesrules/idstat/Title50/T50CH27.pdf","77783","aba7dadf5682ae9b02f26692ac1060d6b1c82dee0aac849a0bf9436cd70aa4c6","True",""
"Title50-T50CH28.pdf","https://legislature.idaho.gov/wp-content/uploads/statutesrules/idstat/Title50/T50CH28.pdf","39057","a773143697092f63979c4f266fd397781df47db79b447efed9d9b6e578492147","True",""
"Title50-T50CH29.pdf","https://legislature.idaho.gov/wp-content/uploads/statutesrules/idstat/Title50/T50CH29.pdf","144497","90fda6c0895de8a86e2330718dca58f35108220c7fb36cb9a2157353648550a0","True",""
"Title50-T50CH3.pdf","https://legislature.idaho.gov/wp-content/uploads/statutesrules/idstat/Title50/T50CH3.pdf","115665","35cd8f4d6ea6ef78324bc206d72acae702696d3b7cae0320a986a8032fd7790c","True",""
"Title50-T50CH30.pdf","https://legislature.idaho.gov/wp-content/uploads/statutesrules/idstat/Title50/T50CH30.pdf","86124","fb46fd5345fccd0a0747cffa89694fe3c59148f7795f356e86de0eac047d240a","True",""
"Title50-T50CH31.pdf","https://legislature.idaho.gov/wp-content/uploads/statutesrules/idstat/Title50/T50CH31.pdf","149817","a1034420453a688dbce0510f964c01e3b5100c571d182321d88a29e293834d50","True",""
"Title50-T50CH4.pdf","https://legislature.idaho.gov/wp-content/uploads/statutesrules/idstat/Title50/T50CH4.pdf","66060","ba57002ea73154db61334e86a7f1da91b836482b80ccd5266ebf41be07ba1f2d","True",""
"Title50-T50CH6.pdf","https://legislature.idaho.gov/wp-content/uploads/statutesrules/idstat/Title50/T50CH6.pdf","41115","4896c25d2c88907e477472694c466052560d22bb23d0f48bfcfbb9149d0b1555","True",""
"Title50-T50CH7.pdf","https://legislature.idaho.gov/wp-content/uploads/statutesrules/idstat/Title50/T50CH7.pdf","51128","9344dd7efa77c71129d6ed4eb26f43e8e22545d5e2048f3ba36ae73ecdbd60f9","True",""
"Title50-T50CH8.pdf","https://legislature.idaho.gov/wp-content/uploads/statutesrules/idstat/Title50/T50CH8.pdf","51752","970ae4f98e1f642a198418c8dc9e7e21d6124331a27e6c2589e40711c51bb8e5","True",""
"Title50-T50CH9.pdf","https://legislature.idaho.gov/wp-content/uploads/statutesrules/idstat/Title50/T50CH9.pdf","57876","e65eb4ec06c08227644e6880dcec8f662691b1f416b3f741e400ecf380e8b85f","True",""
"Title51-T51CH1.pdf","https://legislature.idaho.gov/wp-content/uploads/statutesrules/idstat/Title51/T51CH1.pdf","106018","d3510eadf6ccbd1d98eaf05aeaaf8500481815c94b27d6ba3384760a17b3defc","True",""
"Title52-T52CH1.pdf","https://legislature.idaho.gov/wp-content/uploads/statutesrules/idstat/Title52/T52CH1.pdf","42583","7e392ea5c2fece90be2ee63767eeda9e0a8873f3a71f3d5f8deb8caa9248ce4d","True",""
"Title52-T52CH2.pdf","https://legislature.idaho.gov/wp-content/uploads/statutesrules/idstat/Title52/T52CH2.pdf","30444","7f6473d8489947c0c8f45a107475eace92c3fe8860f8f1798525ad6343b4a1e8","True",""
"Title52-T52CH3.pdf","https://legislature.idaho.gov/wp-content/uploads/statutesrules/idstat/Title52/T52CH3.pdf","29942","16098222c786a3bff49bb4987eceb8bbf2322cd14c3d1c4e7d5894beed56fc3f","True",""
"Title52-T52CH4.pdf","https://legislature.idaho.gov/wp-content/uploads/statutesrules/idstat/Title52/T52CH4.pdf","60703","0e3eb252d97251ba3f0277964de4f439c60bc02c33c495dfd51d7a5b991ad296","True",""
"Title53-T53CH4.pdf","https://legislature.idaho.gov/wp-content/uploads/statutesrules/idstat/Title53/T53CH4.pdf","36653","764511d742ce8e0af99ff2f5a28d4a074e162b39c673545fc4428275eb841904","True",""
"Title54-T54CH1.pdf","https://legislature.idaho.gov/wp-content/uploads/statutesrules/idstat/Title54/T54CH1.pdf","39972","dfff230293acc237d6ef14c6779e2344e810d39ca34d7f814369abc35ba5beaa","True",""
"Title54-T54CH10.pdf","https://legislature.idaho.gov/wp-content/uploads/statutesrules/idstat/Title54/T54CH10.pdf","115791","b26f804b553786fe063e27011a6ea3c3ed89f2d1dc337d0eeebd689c775fd6e8","True",""
"Title54-T54CH11.pdf","https://legislature.idaho.gov/wp-content/uploads/statutesrules/idstat/Title54/T54CH11.pdf","149870","0c97f7729435613cad13ee4b661e85dc582f45777fd783d91709bf405ae80a99","True",""
"Title54-T54CH12.pdf","https://legislature.idaho.gov/wp-content/uploads/statutesrules/idstat/Title54/T54CH12.pdf","139258","1e1b4e0c9d6bb09128a5c108f291bd46e700b92b661d04ed39baaae3aac0a91c","True",""
"Title54-T54CH13.pdf","https://legislature.idaho.gov/wp-content/uploads/statutesrules/idstat/Title54/T54CH13.pdf","55289","23b3ca343274fa7b08e0720418fa8c6b15cd1addd7d334b5c98efc4b83bd94d4","True",""
"Title54-T54CH14.pdf","https://legislature.idaho.gov/wp-content/uploads/statutesrules/idstat/Title54/T54CH14.pdf","215131","91df5d9d54e283c2e95a7f3b9808780524ce9524a37ad9da04ee67803cb508a8","True",""
"Title54-T54CH15.pdf","https://legislature.idaho.gov/wp-content/uploads/statutesrules/idstat/Title54/T54CH15.pdf","80246","da490e078baec09fac2e582fe8db244ee793663816a854f774a7675d4c8417f3","True",""
"Title54-T54CH16.pdf","https://legislature.idaho.gov/wp-content/uploads/statutesrules/idstat/Title54/T54CH16.pdf","67869","96c9eb2fb59fa16d18d527801b0e2491c38375cfcf30c1635710d21cc841e13a","True",""
"Title54-T54CH17.pdf","https://legislature.idaho.gov/wp-content/uploads/statutesrules/idstat/Title54/T54CH17.pdf","213391","668b69adb40e0cfcfcda2e3c551ee785f0788690a143cad1ab5282599c050e55","True",""
"Title54-T54CH18.pdf","https://legislature.idaho.gov/wp-content/uploads/statutesrules/idstat/Title54/T54CH18.pdf","193391","8f5e6674575c2ddde417e584a22a9376f1b32a0cda6af36f7fe75d4c8b978cff","True",""
"Title54-T54CH19.pdf","https://legislature.idaho.gov/wp-content/uploads/statutesrules/idstat/Title54/T54CH19.pdf","127948","1da8e58cf37cdce9bdaefe6fb311f7008ad9a521bc63ab8a1b4bbe2cc9a434e4","True",""
"Title54-T54CH2.pdf","https://legislature.idaho.gov/wp-content/uploads/statutesrules/idstat/Title54/T54CH2.pdf","132403","a034cfdf62bd2b3ce3e25469710ddc4b1910a9ed7fa8a2110a086fb529194c45","True",""
"Title54-T54CH20.pdf","https://legislature.idaho.gov/wp-content/uploads/statutesrules/idstat/Title54/T54CH20.pdf","357857","5d74140f840a976fe1123e1ab82de6a216522b6d88dcad1582f8c8cca7b8dcf8","True",""
"Title54-T54CH21.pdf","https://legislature.idaho.gov/wp-content/uploads/statutesrules/idstat/Title54/T54CH21.pdf","143799","162e36ffa19e1cd1320dcb91916d7f05233bffa3508668ff9f8ce646df0159f7","True",""
"Title54-T54CH22.pdf","https://legislature.idaho.gov/wp-content/uploads/statutesrules/idstat/Title54/T54CH22.pdf","77949","908ab389c975c0cecae61bee9223a0f80e8646727c48c1281ee0562ec0ce28ff","True",""
"Title54-T54CH23.pdf","https://legislature.idaho.gov/wp-content/uploads/statutesrules/idstat/Title54/T54CH23.pdf","159203","f9713907cda996bc1c73dc4db35972787a86edf003d67426baf42d821acbe974","True",""
"Title54-T54CH24.pdf","https://legislature.idaho.gov/wp-content/uploads/statutesrules/idstat/Title54/T54CH24.pdf","61667","3e941692c96b0d3b7fb9a538c397b50593f74c423bb4cf3e02f4aa1fb291c755","True",""
"Title54-T54CH25.pdf","https://legislature.idaho.gov/wp-content/uploads/statutesrules/idstat/Title54/T54CH25.pdf","115439","57888f268eba8f3c18d699731d2c4d2153ebf0670a0f5255899e6fb8e14416a8","True",""
"Title54-T54CH26.pdf","https://legislature.idaho.gov/wp-content/uploads/statutesrules/idstat/Title54/T54CH26.pdf","110106","dda8d8b1922d1323d0bfc1df46a6eb3ea72c231511da529b2b999b915328df71","True",""
"Title54-T54CH27.pdf","https://legislature.idaho.gov/wp-content/uploads/statutesrules/idstat/Title54/T54CH27.pdf","53966","6751174e8a6672a3d51929eb31ae11363cc1aabec583c4ac577ecc5d168dd496","True",""
"Title54-T54CH28.pdf","https://legislature.idaho.gov/wp-content/uploads/statutesrules/idstat/Title54/T54CH28.pdf","65693","0ab637944c3e0523cc521dd46b0d882749431550712c9072556fa967f005e690","True",""
"Title54-T54CH29.pdf","https://legislature.idaho.gov/wp-content/uploads/statutesrules/idstat/Title54/T54CH29.pdf","170916","3a72409e5b41be02bec095bc883d5f0ad956a6ff45c72eca221a19f11ff4c5a4","True",""
"Title54-T54CH3.pdf","https://legislature.idaho.gov/wp-content/uploads/statutesrules/idstat/Title54/T54CH3.pdf","74358","5c1ccf9b67476f2941c5a0b48a42d32170ead669f6b0419fa0f25321798312c0","True",""
"Title54-T54CH30.pdf","https://legislature.idaho.gov/wp-content/uploads/statutesrules/idstat/Title54/T54CH30.pdf","51981","4539fbdc0950f90f455ef6b445567acc1e310cccfa65018caf66069bba317707","True",""
"Title54-T54CH31.pdf","https://legislature.idaho.gov/wp-content/uploads/statutesrules/idstat/Title54/T54CH31.pdf","59819","ae28b6292abe582f8eedb8cabd5104672781f1f09cc467e8cafd5a61b85b6cb4","True",""
"Title54-T54CH32.pdf","https://legislature.idaho.gov/wp-content/uploads/statutesrules/idstat/Title54/T54CH32.pdf","60748","e73ced53d3672a0b94e328da4283a75ec98faa905423c542ab59f31cc0dc7dfd","True",""
"Title54-T54CH33.pdf","https://legislature.idaho.gov/wp-content/uploads/statutesrules/idstat/Title54/T54CH33.pdf","46703","edc1c33d92f0b436617ab756a7782adf811e6bbdf58653933879374f59e6bc47","True",""
"Title54-T54CH34.pdf","https://legislature.idaho.gov/wp-content/uploads/statutesrules/idstat/Title54/T54CH34.pdf","81497","f2341d45534ef1839ba83d1bee2e82bfbb3a97511507857c93b2bf56c7c2276d","True",""
"Title54-T54CH35.pdf","https://legislature.idaho.gov/wp-content/uploads/statutesrules/idstat/Title54/T54CH35.pdf","61172","8da07eedf4abb839fc82166cf138b592af970274e291a5cdcd72f5f187fc22b9","True",""
"Title54-T54CH36.pdf","https://legislature.idaho.gov/wp-content/uploads/statutesrules/idstat/Title54/T54CH36.pdf","59113","8925c7882f512f64c411cff487be44a1d43246bbd5cf4e6f503ed04f996d4cbb","True",""
"Title54-T54CH37.pdf","https://legislature.idaho.gov/wp-content/uploads/statutesrules/idstat/Title54/T54CH37.pdf","73648","c152362024a672b779bd67bc1433c3870786790e6ecfb5f3fe0222621c0ecf54","True",""
"Title54-T54CH39.pdf","https://legislature.idaho.gov/wp-content/uploads/statutesrules/idstat/Title54/T54CH39.pdf","65905","c7cd454fa77a3eb8cc69aada965ed9718fb19dc9137e75d81e34483da29af6d3","True",""
"Title54-T54CH4.pdf","https://legislature.idaho.gov/wp-content/uploads/statutesrules/idstat/Title54/T54CH4.pdf","96384","118e01768790f1ad799e75adadef72c1bb9ca4778f9aedcb711b5a8aacd2954c","True",""
"Title54-T54CH40.pdf","https://legislature.idaho.gov/wp-content/uploads/statutesrules/idstat/Title54/T54CH40.pdf","63702","e8929b12b7935802da13138a915b2f00df4834f4015644db5709aa8938a1b4cd","True",""
"Title54-T54CH41.pdf","https://legislature.idaho.gov/wp-content/uploads/statutesrules/idstat/Title54/T54CH41.pdf","122756","30a4af36a1e8768d71ab1e01fdc5a903cc3b1a4119bd8ae14f55cd1408e93e8f","True",""
"Title54-T54CH43.pdf","https://legislature.idaho.gov/wp-content/uploads/statutesrules/idstat/Title54/T54CH43.pdf","58818","8213dbf7cb6dbe0acee73767e6882922aa6c1450ff6f5fb513237636d4e018ed","True",""
"Title54-T54CH44.pdf","https://legislature.idaho.gov/wp-content/uploads/statutesrules/idstat/Title54/T54CH44.pdf","49169","330c9da586249acc400901982dcfab4180dfcde6ab5f2be225e718a3a16b8366","True",""
"Title54-T54CH45.pdf","https://legislature.idaho.gov/wp-content/uploads/statutesrules/idstat/Title54/T54CH45.pdf","63843","d2f07e1af7a5f7b43ca939b288c391b67cce75ae35ba42259e0c93017aede0a4","True",""
"Title54-T54CH46.pdf","https://legislature.idaho.gov/wp-content/uploads/statutesrules/idstat/Title54/T54CH46.pdf","31183","9ab4e78cf90e5228069b7aa2b68fc08acd9a9cd0355af06673147f16671d61ff","True",""
"Title54-T54CH47.pdf","https://legislature.idaho.gov/wp-content/uploads/statutesrules/idstat/Title54/T54CH47.pdf","57774","5442d1122d04e446b22d821b8133bd284120077c0cd4e883747397c199da89ce","True",""
"Title54-T54CH48.pdf","https://legislature.idaho.gov/wp-content/uploads/statutesrules/idstat/Title54/T54CH48.pdf","54759","afccbbcb866f395febf2a297f90912964fff692a7df38b155859f64a00f9c5c2","True",""
"Title54-T54CH49.pdf","https://legislature.idaho.gov/wp-content/uploads/statutesrules/idstat/Title54/T54CH49.pdf","31747","11ccb3aacd5241c0b17ab8ed8207469ed0c3e0c8942117d6ad8d5c795824aebc","True",""
"Title54-T54CH5.pdf","https://legislature.idaho.gov/wp-content/uploads/statutesrules/idstat/Title54/T54CH5.pdf","27760","061d994fc92fc7e71adb3ae501ec74c8d99b1abd79bbc296374aea049cb433b2","True",""
"Title54-T54CH50.pdf","https://legislature.idaho.gov/wp-content/uploads/statutesrules/idstat/Title54/T54CH50.pdf","94759","16e4a45cb42cb887dc86afea6709ff94cf81ea0e1e0ea38b916511b59034db7a","True",""
"Title54-T54CH51.pdf","https://legislature.idaho.gov/wp-content/uploads/statutesrules/idstat/Title54/T54CH51.pdf","50802","85ba7c3e530b2040eda48d22c48c91e278d8d13598e55c7040d3f343f329613d","True",""
"Title54-T54CH52.pdf","https://legislature.idaho.gov/wp-content/uploads/statutesrules/idstat/Title54/T54CH52.pdf","80105","ec011d4c257d7c3ac7159d77fad265a9462ba0a9151a0aded3b1456c20da80ad","True",""
"Title54-T54CH53.pdf","https://legislature.idaho.gov/wp-content/uploads/statutesrules/idstat/Title54/T54CH53.pdf","73992","aa20c29e682e5e1df895eb5e51c268f65147431caec74d8e5cf1b9d1f21e9551","True",""
"Title54-T54CH54.pdf","https://legislature.idaho.gov/wp-content/uploads/statutesrules/idstat/Title54/T54CH54.pdf","52207","0b64cd495cc3ddb773fa186145c84a564b6f51d6d0216b0423f1de0991c190c5","True",""
"Title54-T54CH55.pdf","https://legislature.idaho.gov/wp-content/uploads/statutesrules/idstat/Title54/T54CH55.pdf","68449","1bdd9b823e0c7a90f2837e35e1f0ad6f64bf674b025b5b2eb56c4fcfcb3813a3","True",""
"Title54-T54CH56.pdf","https://legislature.idaho.gov/wp-content/uploads/statutesrules/idstat/Title54/T54CH56.pdf","66034","f8e7f5d7627c0df2dc6019adf1fa9b4a7ebacf14ecf02af84419ffcf51583fd1","True",""
"Title54-T54CH57.pdf","https://legislature.idaho.gov/wp-content/uploads/statutesrules/idstat/Title54/T54CH57.pdf","52731","3e598b223e42ea0e811225c700d2d084063d9e30e6e5fa9441142f3efa8ee5d0","True",""
"Title54-T54CH58.pdf","https://legislature.idaho.gov/wp-content/uploads/statutesrules/idstat/Title54/T54CH58.pdf","100562","2e8153f232c5505a0b62325e32be6116c5991221c46d2576b61b21ff35cb77d5","True",""
"Title54-T54CH59.pdf","https://legislature.idaho.gov/wp-content/uploads/statutesrules/idstat/Title54/T54CH59.pdf","69258","3c37cbc3e27c99bcb728a369d5463af632ef6daf993e5561446dd8105b5d46fa","True",""
"Title54-T54CH6.pdf","https://legislature.idaho.gov/wp-content/uploads/statutesrules/idstat/Title54/T54CH6.pdf","51684","58987203ca0534f36cdbd3b3e336549dd153016be4f217a86f9ec6bc0bd5fdb6","True",""
"Title54-T54CH7.pdf","https://legislature.idaho.gov/wp-content/uploads/statutesrules/idstat/Title54/T54CH7.pdf","84067","d42c9680071c38f1b1ffd0a9ceb60dd30a90caf370453c85ccab6cf198574951","True",""
"Title54-T54CH9.pdf","https://legislature.idaho.gov/wp-content/uploads/statutesrules/idstat/Title54/T54CH9.pdf","114662","e8ac80dc3bfa9ed1b383e53727e9d0e9454737448dd2da5367bb1d314fdae695","True",""
"Title55-T55CH1.pdf","https://legislature.idaho.gov/wp-content/uploads/statutesrules/idstat/Title55/T55CH1.pdf","65517","2eb17ea1cfac08ed18be6aed8cd7b65b0fe73fcbda34b16efd6105995f7afa68","True",""
"Title55-T55CH10.pdf","https://legislature.idaho.gov/wp-content/uploads/statutesrules/idstat/Title55/T55CH10.pdf","48359","77ad79305b2f558998dd33668e905a9953466ec1031080078341c8229249bc80","True",""
"Title55-T55CH11.pdf","https://legislature.idaho.gov/wp-content/uploads/statutesrules/idstat/Title55/T55CH11.pdf","37544","31186177b39d7ed1676e20891f7846f095567c74f3234b3069e2a4d4f48a2ba1","True",""
"Title55-T55CH14.pdf","https://legislature.idaho.gov/wp-content/uploads/statutesrules/idstat/Title55/T55CH14.pdf","32703","0496feed8a1c710113105f04a8ef95da42f749a80f7e35c58bbfe10ea14e0aa8","True",""
"Title55-T55CH15.pdf","https://legislature.idaho.gov/wp-content/uploads/statutesrules/idstat/Title55/T55CH15.pdf","93229","4ecf192b38d26ccdeac6c852f8d6abe839f442e9bdf1041db295e03025f0521f","True",""
"Title55-T55CH16.pdf","https://legislature.idaho.gov/wp-content/uploads/statutesrules/idstat/Title55/T55CH16.pdf","50965","6eb0f9949ba48681e78364b386748424fee644fc27349727dcb590166f398d9d","True",""
"Title55-T55CH17.pdf","https://legislature.idaho.gov/wp-content/uploads/statutesrules/idstat/Title55/T55CH17.pdf","41713","c5b236584f5463c5afa85ef2bf7f00fbe126aa0181770a0f6e0d5cec935c80a7","True",""
"Title55-T55CH18.pdf","https://legislature.idaho.gov/wp-content/uploads/statutesrules/idstat/Title55/T55CH18.pdf","98424","64acbec8e384ba59863297365616be68ac0a5f8b14dae09e6103de16d35c1d65","True",""
"Title55-T55CH19.pdf","https://legislature.idaho.gov/wp-content/uploads/statutesrules/idstat/Title55/T55CH19.pdf","49454","896231e03f1d260147980474f325d70e670e60b24e2938845581868bb1c9c60c","True",""
"Title55-T55CH2.pdf","https://legislature.idaho.gov/wp-content/uploads/statutesrules/idstat/Title55/T55CH2.pdf","37121","31db26e8ebcc8d58899e4fe6f3e4f4d299abab15da5d49335dad373b8a1fd920","True",""
"Title55-T55CH20.pdf","https://legislature.idaho.gov/wp-content/uploads/statutesrules/idstat/Title55/T55CH20.pdf","91971","4202a736bc283e96b54593f20745f5364437595c8042f00af8dcd00b7cc89fcd","True",""
"Title55-T55CH21.pdf","https://legislature.idaho.gov/wp-content/uploads/statutesrules/idstat/Title55/T55CH21.pdf","41946","50887afca816d8d81aee8088176b9f176314f1923624e16a7feed42ae8eb0e81","True",""
"Title55-T55CH22.pdf","https://legislature.idaho.gov/wp-content/uploads/statutesrules/idstat/Title55/T55CH22.pdf","91083","3fc1fc0614fbc79b93be574b86079e6cf50f4bb683269b901432f79f3387ef8c","True",""
"Title55-T55CH23.pdf","https://legislature.idaho.gov/wp-content/uploads/statutesrules/idstat/Title55/T55CH23.pdf","53306","5adc10af6b1b7a9585948e97310542412c32f37be5e781cf43845573418252ed","True",""
"Title55-T55CH24.pdf","https://legislature.idaho.gov/wp-content/uploads/statutesrules/idstat/Title55/T55CH24.pdf","42152","8fe9aba439e3613a49452b6f8298283519105a79fb0742056d5522387bdf0efc","True",""
"Title55-T55CH25.pdf","https://legislature.idaho.gov/wp-content/uploads/statutesrules/idstat/Title55/T55CH25.pdf","69202","a8ac53f613bf8d0804f5ca9984b71d555870a1fe01232f556c6830fdd58ea91a","True",""
"Title55-T55CH26.pdf","https://legislature.idaho.gov/wp-content/uploads/statutesrules/idstat/Title55/T55CH26.pdf","41240","17cadcdedc658fb42087d47b54b4b39bc1d9d3f39c836bfc8247ae669ccaaa5a","True",""
"Title55-T55CH27.pdf","https://legislature.idaho.gov/wp-content/uploads/statutesrules/idstat/Title55/T55CH27.pdf","66462","1b514e960f6cb6d50aba731a2837c4fbedca81bce71add4dbeac91202e9a6afc","True",""
"Title55-T55CH28.pdf","https://legislature.idaho.gov/wp-content/uploads/statutesrules/idstat/Title55/T55CH28.pdf","31423","81d4f1a8f4ba9b155e73c2c933c4a2445e3b26650f38870778ea9028b19615c9","True",""
"Title55-T55CH29.pdf","https://legislature.idaho.gov/wp-content/uploads/statutesrules/idstat/Title55/T55CH29.pdf","31494","c679f917ce959c5a8310191a7e975fc3ad4581940295cc644fa8801222b5706d","True",""
"Title55-T55CH3.pdf","https://legislature.idaho.gov/wp-content/uploads/statutesrules/idstat/Title55/T55CH3.pdf","43274","6c0cc19d34fb227f91acc11594621606186d4292a966e08803cebce79264c90a","True",""
"Title55-T55CH30.pdf","https://legislature.idaho.gov/wp-content/uploads/statutesrules/idstat/Title55/T55CH30.pdf","59484","75065ea60f22c650c25b34ac0100ca933e753f87171216122270116f212b56d8","True",""
"Title55-T55CH31.pdf","https://legislature.idaho.gov/wp-content/uploads/statutesrules/idstat/Title55/T55CH31.pdf","36134","b4caeca389fbe03566834da0006b1dd15c2ade05c1033c6ada6a923d242fdd1d","True",""
"Title55-T55CH32.pdf","https://legislature.idaho.gov/wp-content/uploads/statutesrules/idstat/Title55/T55CH32.pdf","74055","259df0106b09c38ffe790752f453e65d248f56476b40281d32816d51f89705b1","True",""
"Title55-T55CH4.pdf","https://legislature.idaho.gov/wp-content/uploads/statutesrules/idstat/Title55/T55CH4.pdf","48862","9f76bb0b476bfbde3fa24fc3154527478c1738e34cc95bca8695948224f4727a","True",""
"Title55-T55CH5.pdf","https://legislature.idaho.gov/wp-content/uploads/statutesrules/idstat/Title55/T55CH5.pdf","34087","9ccbedad46860b46940bc99e7370564b30572783a88077e9acef89b565a58c1d","True",""
"Title55-T55CH6.pdf","https://legislature.idaho.gov/wp-content/uploads/statutesrules/idstat/Title55/T55CH6.pdf","55973","c1cb1ee5d6c57acbfb524f2094fcf420d17ad526ca8fac21f2bce493f189f5f6","True",""
"Title55-T55CH8.pdf","https://legislature.idaho.gov/wp-content/uploads/statutesrules/idstat/Title55/T55CH8.pdf","55114","e669b6850283451b0ec50f232ab705d131d7a5ac23c2c44168f12602dc81aa73","True",""
"Title55-T55CH9.pdf","https://legislature.idaho.gov/wp-content/uploads/statutesrules/idstat/Title55/T55CH9.pdf","73120","fb883a2bdcb5ca1395d2a438972cdb106089efe80cea4cfc0ea0d5f88dcb36ac","True",""
"Title56-T56CH1.pdf","https://legislature.idaho.gov/wp-content/uploads/statutesrules/idstat/Title56/T56CH1.pdf","76615","f733ad68c823b66b1d3aab4252983b7935345bf0e93db7735034562ad7e5faff","True",""
"Title56-T56CH10.pdf","https://legislature.idaho.gov/wp-content/uploads/statutesrules/idstat/Title56/T56CH10.pdf","120736","84a28e5a272397b4ea931efc924caff71a6a69118ea2c9a579ac4fb3bf67992c","True",""
"Title56-T56CH11.pdf","https://legislature.idaho.gov/wp-content/uploads/statutesrules/idstat/Title56/T56CH11.pdf","53253","4b0deccd6487c45db3dabdaad13eda68a7b96d96b08e303e45afbc3147b3b7b8","True",""
"Title56-T56CH12.pdf","https://legislature.idaho.gov/wp-content/uploads/statutesrules/idstat/Title56/T56CH12.pdf","39891","43a6431d6d0358cf0bf3822cea562aba8227badfeab23d4117616ec4e9def20e","True",""
"Title56-T56CH13.pdf","https://legislature.idaho.gov/wp-content/uploads/statutesrules/idstat/Title56/T56CH13.pdf","38235","de0387f5aa4d75c90600fe795b56085b0d914070aea39da0c6e3d3c9a05a2a54","True",""
"Title56-T56CH14.pdf","https://legislature.idaho.gov/wp-content/uploads/statutesrules/idstat/Title56/T56CH14.pdf","57524","966d2be38c3d0933184de3bd1cd2979108dfc0210fc91d8fc166a46f855da8af","True",""
"Title56-T56CH15.pdf","https://legislature.idaho.gov/wp-content/uploads/statutesrules/idstat/Title56/T56CH15.pdf","43659","84121be2713236469cd0324257917d118c1d4d51146636f18348eb4eec6ee74f","True",""
"Title56-T56CH16.pdf","https://legislature.idaho.gov/wp-content/uploads/statutesrules/idstat/Title56/T56CH16.pdf","42199","1a7f86ff4997c1311f9d3fcdd44993e2747a762482a4f23135258bc0b420773c","True",""
"Title56-T56CH17.pdf","https://legislature.idaho.gov/wp-content/uploads/statutesrules/idstat/Title56/T56CH17.pdf","42711","1b73735f0887fab8ff8edb9178ac7d1aa93453afd73f8ae7ab278d301614d32a","True",""
"Title56-T56CH18.pdf","https://legislature.idaho.gov/wp-content/uploads/statutesrules/idstat/Title56/T56CH18.pdf","49578","e31197afeb212979545c5f158715592c876f229c923986eb55c5945b2cfea87b","True",""
"Title56-T56CH19.pdf","https://legislature.idaho.gov/wp-content/uploads/statutesrules/idstat/Title56/T56CH19.pdf","47657","a941bcf4db97bc6b3ee592ef4f6ca5ee92697ec920f8b716bd41c7f3fc58d6a0","True",""
"Title56-T56CH2.pdf","https://legislature.idaho.gov/wp-content/uploads/statutesrules/idstat/Title56/T56CH2.pdf","332063","bb2614d9c73f78999e3de850d74ad5555b912b57687fb05b625f85a54a745454","True",""
"Title56-T56CH20.pdf","https://legislature.idaho.gov/wp-content/uploads/statutesrules/idstat/Title56/T56CH20.pdf","30842","045e5d144b6d81b9f636af12d69f6f621dfb87c40f2a98985bfe39974bb77801","True",""
"Title56-T56CH21.pdf","https://legislature.idaho.gov/wp-content/uploads/statutesrules/idstat/Title56/T56CH21.pdf","65118","e086cce99e0ece0a6394a7c1d143ecba5aa959d987e849b76b8f7061af56aa45","True",""
"Title56-T56CH22.pdf","https://legislature.idaho.gov/wp-content/uploads/statutesrules/idstat/Title56/T56CH22.pdf","52055","19d7b83ecfcce16813ba70d673a15cf025c1b128732112f23509cb207f7952fb","True",""
"Title56-T56CH23.pdf","https://legislature.idaho.gov/wp-content/uploads/statutesrules/idstat/Title56/T56CH23.pdf","34073","ea2f1179b882827aef50f282b5fc8352d3c8f8b491e5099267e368aab01f0209","True",""
"Title56-T56CH24.pdf","https://legislature.idaho.gov/wp-content/uploads/statutesrules/idstat/Title56/T56CH24.pdf","37159","ef9d0614237cb407ea63be976b8fe2894f1f976dd99c0cc5012a129e0aac4177","True",""
"Title56-T56CH25.pdf","https://legislature.idaho.gov/wp-content/uploads/statutesrules/idstat/Title56/T56CH25.pdf","34461","bc13223331408429b9f3e1c851caaa8976241059c9ebe064e942eb042d521d61","True",""
"Title56-T56CH26.pdf","https://legislature.idaho.gov/wp-content/uploads/statutesrules/idstat/Title56/T56CH26.pdf","43155","da009f9f1eb7c2ff718f3b1b5b5ab8f87edee1e5bf12b8cfaec47b520bfb1f57","True",""
"Title56-T56CH27.pdf","https://legislature.idaho.gov/wp-content/uploads/statutesrules/idstat/Title56/T56CH27.pdf","47112","a1f9c3a3bde0062f5d6254335d273095370507def0ff535099afebe0e832b0cd","True",""
"Title56-T56CH4.pdf","https://legislature.idaho.gov/wp-content/uploads/statutesrules/idstat/Title56/T56CH4.pdf","41251","6a285e9200f52a86da56c00e2c0d959280d1867fbd3eff4ddae0f11294459554","True",""
"Title56-T56CH5.pdf","https://legislature.idaho.gov/wp-content/uploads/statutesrules/idstat/Title56/T56CH5.pdf","35378","61323dd0385cbdd0be31e9fae472a23e57ecfbc5e142908e86cc667e0efad7ad","True",""
"Title56-T56CH6.pdf","https://legislature.idaho.gov/wp-content/uploads/statutesrules/idstat/Title56/T56CH6.pdf","38308","098198ca5c69bab0c428f723500a966d3798b072df423b5b8b4b7bd5d2236ebe","True",""
"Title56-T56CH7.pdf","https://legislature.idaho.gov/wp-content/uploads/statutesrules/idstat/Title56/T56CH7.pdf","59431","2f0c7fa4501fc72d5b3a6fcd943226a5aa4bce34575a26175884e44d2ceeea63","True",""
"Title56-T56CH8.pdf","https://legislature.idaho.gov/wp-content/uploads/statutesrules/idstat/Title56/T56CH8.pdf","35867","03ddb05ac88c217f186ffa2017948022d36f8967609c0c4289f2e6da6f89214c","True",""
"Title56-T56CH9.pdf","https://legislature.idaho.gov/wp-content/uploads/statutesrules/idstat/Title56/T56CH9.pdf","39156","bb675d9b2d2eb11c442ec1b11cecad67b665303de932a786fa8865be7eb6d58f","True",""
"Title57-T57CH1.pdf","https://legislature.idaho.gov/wp-content/uploads/statutesrules/idstat/Title57/T57CH1.pdf","76563","575836e169c7d91aa8dd66b87617c9c83efa1ed01821d3950112473d9cbb5dc1","True",""
"Title57-T57CH11.pdf","https://legislature.idaho.gov/wp-content/uploads/statutesrules/idstat/Title57/T57CH11.pdf","40984","c12647502b3830a102f7893eecd7dadae12df09811c838047edd5af337a3602e","True",""
"Title57-T57CH12.pdf","https://legislature.idaho.gov/wp-content/uploads/statutesrules/idstat/Title57/T57CH12.pdf","46624","93e668e5e223e8a6b744247db516178109ca95068a4c2345abed9c826fda3755","True",""
"Title57-T57CH13.pdf","https://legislature.idaho.gov/wp-content/uploads/statutesrules/idstat/Title57/T57CH13.pdf","41390","5c648d040cd88e025affdf0097be5dcf502d7fefee2a53ac4df76687040b5e6f","True",""
"Title57-T57CH14.pdf","https://legislature.idaho.gov/wp-content/uploads/statutesrules/idstat/Title57/T57CH14.pdf","38218","9a5bbfc60e55beedf50d684f73e3742e36ded1a2423e5cab982d54aafc5bbe92","True",""
"Title57-T57CH15.pdf","https://legislature.idaho.gov/wp-content/uploads/statutesrules/idstat/Title57/T57CH15.pdf","34188","6b5e726a6035cce3cf3ba07cff3c5256f26b8149e885c70aab39ae963bb615fb","True",""
"Title57-T57CH16.pdf","https://legislature.idaho.gov/wp-content/uploads/statutesrules/idstat/Title57/T57CH16.pdf","30220","3438b56b3caacc62153a34d98374db5c484280a2bf0a5e7f12db4e229093c6b4","True",""
"Title57-T57CH17.pdf","https://legislature.idaho.gov/wp-content/uploads/statutesrules/idstat/Title57/T57CH17.pdf","41593","50d21902999e9a834702a09c6a2a39893f5f4ef438f9ac8362dd231243ebf3cd","True",""
"Title57-T57CH18.pdf","https://legislature.idaho.gov/wp-content/uploads/statutesrules/idstat/Title57/T57CH18.pdf","31000","a80bba76eefe76a513e5dff18be65b46bea522785ea0f5eb1b8f4c28b233c5f6","True",""
"Title57-T57CH19.pdf","https://legislature.idaho.gov/wp-content/uploads/statutesrules/idstat/Title57/T57CH19.pdf","31786","a7fcf7e45dd063f36dd41978b38694a3c4dde4eecbd2b9963a5dd28ec887dadd","True",""
"Title57-T57CH2.pdf","https://legislature.idaho.gov/wp-content/uploads/statutesrules/idstat/Title57/T57CH2.pdf","90322","c9982ea74db22bd48e9b5bf546136033d4f430a9357cd3d8fd20bb5bd2f8db2c","True",""
"Title57-T57CH20.pdf","https://legislature.idaho.gov/wp-content/uploads/statutesrules/idstat/Title57/T57CH20.pdf","27760","7ea56935cd6d969b12cf3968e8ef270e288211f9e924e83aa3c64c3615bafba5","True",""
"Title57-T57CH3.pdf","https://legislature.idaho.gov/wp-content/uploads/statutesrules/idstat/Title57/T57CH3.pdf","36429","575b8c8427b2c9e133a04a57cbb4f34b0405cb928d14b15cf3af534561292e41","True",""
"Title57-T57CH4.pdf","https://legislature.idaho.gov/wp-content/uploads/statutesrules/idstat/Title57/T57CH4.pdf","32937","2b582f62aba813832f3c066ee325a35082ef103ed7f61073d6b480011fa561c6","True",""
"Title57-T57CH5.pdf","https://legislature.idaho.gov/wp-content/uploads/statutesrules/idstat/Title57/T57CH5.pdf","44236","4b351370cd7024dba7b523bfd0d2b3c47398e59b11fa0b5bd105d421973cf73d","True",""
"Title57-T57CH6.pdf","https://legislature.idaho.gov/wp-content/uploads/statutesrules/idstat/Title57/T57CH6.pdf","40006","63f826b29b66210fc1748a3397bdb55e63f5fa9c89f24b34582641f6d0a528a9","True",""
"Title57-T57CH7.pdf","https://legislature.idaho.gov/wp-content/uploads/statutesrules/idstat/Title57/T57CH7.pdf","80128","36c8ce2658b4911121cb37ad95499035ef7a2cde6fb9d6b8060e9cd06802e02f","True",""
"Title57-T57CH8.pdf","https://legislature.idaho.gov/wp-content/uploads/statutesrules/idstat/Title57/T57CH8.pdf","81013","975fe4a4e2b59c0e060a0318a6480b3b35f2a6af4c78f73e4c8eb3b6f30eb38b","True",""
"Title57-T57CH9.pdf","https://legislature.idaho.gov/wp-content/uploads/statutesrules/idstat/Title57/T57CH9.pdf","54411","8160bac47ebe2fc599f7a51b9739ca810382d178b4ef4494a7d272e0e22a945a","True",""
"Title58-T58CH1.pdf","https://legislature.idaho.gov/wp-content/uploads/statutesrules/idstat/Title58/T58CH1.pdf","104707","f540e5be91eb9c234fe0915427de23f9e84109a77995625348b470777bf8a345","True",""
"Title58-T58CH11.pdf","https://legislature.idaho.gov/wp-content/uploads/statutesrules/idstat/Title58/T58CH11.pdf","43401","44889a4348a81568fb6c78fc14e66cd6c4e8812b593a81f3550dc8f63ecef81d","True",""
"Title58-T58CH12.pdf","https://legislature.idaho.gov/wp-content/uploads/statutesrules/idstat/Title58/T58CH12.pdf","40689","cfa95aa313e7553461e88d12c3ed8831d7a12e8cd1dad5f80e2eda6447292c5d","True",""
"Title58-T58CH13.pdf","https://legislature.idaho.gov/wp-content/uploads/statutesrules/idstat/Title58/T58CH13.pdf","70400","ee06837fc344f0c1451c41d2ffb24dbb48bbe779b6779b41a730fbaa4123db76","True",""
"Title58-T58CH14.pdf","https://legislature.idaho.gov/wp-content/uploads/statutesrules/idstat/Title58/T58CH14.pdf","58297","ccaabb5538784ec470e29873208c1b8e8099b5710da6faf10ae8acaa76db300f","True",""
"Title58-T58CH15.pdf","https://legislature.idaho.gov/wp-content/uploads/statutesrules/idstat/Title58/T58CH15.pdf","41996","7c226879a662fdd2da693bab376f1bc83e4c18c0b562154aa5b1b42bfd44086d","True",""
"Title58-T58CH2.pdf","https://legislature.idaho.gov/wp-content/uploads/statutesrules/idstat/Title58/T58CH2.pdf","38106","b45300d0ee2b9a3cccf31955f34207865b5fc72ece8c918018db7751452f0687","True",""
"Title58-T58CH3.pdf","https://legislature.idaho.gov/wp-content/uploads/statutesrules/idstat/Title58/T58CH3.pdf","116161","f5af485fe4cf023fcf685977815dd15bb9ae59680aa6bab336b80e6dd401b7a5","True",""
"Title58-T58CH4.pdf","https://legislature.idaho.gov/wp-content/uploads/statutesrules/idstat/Title58/T58CH4.pdf","60178","5a3043099d52b1d6ba4bcc2b776c678553d64a451659e26d555b08ec314dd296","True",""
"Title58-T58CH5.pdf","https://legislature.idaho.gov/wp-content/uploads/statutesrules/idstat/Title58/T58CH5.pdf","42352","dd9898ec83f887ded3eda683cd100064a636e8dc7ee2a8045acee851043a8e52","True",""
"Title58-T58CH6.pdf","https://legislature.idaho.gov/wp-content/uploads/statutesrules/idstat/Title58/T58CH6.pdf","38070","28e119e3f80bb5d8b2d78ae7143b2162e8d4a3f12bbdeaf62331714fd2ded7b5","True",""
"Title58-T58CH7.pdf","https://legislature.idaho.gov/wp-content/uploads/statutesrules/idstat/Title58/T58CH7.pdf","41661","dcb80d87aaaae9b5516dfaea141b9b57b79b0abf403457a36d7280e1183b953e","True",""
"Title58-T58CH8.pdf","https://legislature.idaho.gov/wp-content/uploads/statutesrules/idstat/Title58/T58CH8.pdf","27760","38678dab5fd5b4eaee93bbf71d8e6a343bcca4bfd43548c792116949b1a7af04","True",""
"Title58-T58CH9.pdf","https://legislature.idaho.gov/wp-content/uploads/statutesrules/idstat/Title58/T58CH9.pdf","37449","4f1a7e1569882ca967335a957bb2aa3b6283eeda89692da50b230347da8358e5","True",""
"Title59-T59CH1.pdf","https://legislature.idaho.gov/wp-content/uploads/statutesrules/idstat/Title59/T59CH1.pdf","33437","cf2f260734ae21c376d853502aa11f80f59dd1c50a75ee89d8a57c44caf0af85","True",""
"Title59-T59CH10.pdf","https://legislature.idaho.gov/wp-content/uploads/statutesrules/idstat/Title59/T59CH10.pdf","63550","1576ec605a47e8e3ffe54aeb8912107c6adaeec4d0d9a76425ed8e48d776d3a5","True",""
"Title59-T59CH11.pdf","https://legislature.idaho.gov/wp-content/uploads/statutesrules/idstat/Title59/T59CH11.pdf","58128","80a532b20d13fc6cd6fa0a9848c6a467fb8b79c3999cc51be72fa8d2c77fc26f","True",""
"Title59-T59CH13.pdf","https://legislature.idaho.gov/wp-content/uploads/statutesrules/idstat/Title59/T59CH13.pdf","351159","65f70d25e6a4fbd130a016814ab5943592b9cda70fcdc9ce3170a7737b6a5175","True",""
"Title59-T59CH14.pdf","https://legislature.idaho.gov/wp-content/uploads/statutesrules/idstat/Title59/T59CH14.pdf","49433","a5800e8c7ba45ac176223031fc49a6a22341d323e85deed2461575d36a6909e9","True",""
"Title59-T59CH16.pdf","https://legislature.idaho.gov/wp-content/uploads/statutesrules/idstat/Title59/T59CH16.pdf","71803","46eabf2344dc01be970595e5f658236b3d5eb46cfdedbaf824151f176428a9da","True",""
"Title59-T59CH3.pdf","https://legislature.idaho.gov/wp-content/uploads/statutesrules/idstat/Title59/T59CH3.pdf","35714","22a564031ca22fafdaf247e94e3efe304c74714b7a3c8cd33e0f62a2cdad287c","True",""
"Title59-T59CH4.pdf","https://legislature.idaho.gov/wp-content/uploads/statutesrules/idstat/Title59/T59CH4.pdf","40568","cfa74cd7ddad12a960c5174f7d1504733a950dc9a2fe79c646bedf8f299d69af","True",""
"Title59-T59CH5.pdf","https://legislature.idaho.gov/wp-content/uploads/statutesrules/idstat/Title59/T59CH5.pdf","66147","5f088f5cce03c776e97bdae63a5ab086263d13abd3bdfb4714191549d0b3db03","True",""
"Title59-T59CH8.pdf","https://legislature.idaho.gov/wp-content/uploads/statutesrules/idstat/Title59/T59CH8.pdf","66116","858a8cb481029807ed8449d9597833743bb850a4026cff2c84b380f2263e0238","True",""
"Title59-T59CH9.pdf","https://legislature.idaho.gov/wp-content/uploads/statutesrules/idstat/Title59/T59CH9.pdf","67387","9bfb42cbeae733d4ce76f1563d9028b5f0caa4d26ae1b5f860a09aa226f3e837","True",""
"Title6-T6CH1.pdf","https://legislature.idaho.gov/wp-content/uploads/statutesrules/idstat/Title6/T6CH1.pdf","47734","88d501e8ed21f1b5f28d29c11e470c0cb97518c62e48effe8e753c9611e29116","True",""
"Title6-T6CH10.pdf","https://legislature.idaho.gov/wp-content/uploads/statutesrules/idstat/Title6/T6CH10.pdf","52854","4a1ba3bcb1fdbc22c56449d6e5a90d0d1e95c89ae699b9dbe35d8409199c6cf7","True",""
"Title6-T6CH11.pdf","https://legislature.idaho.gov/wp-content/uploads/statutesrules/idstat/Title6/T6CH11.pdf","49359","3eb6cd9c5c5f4ef7f995eece21f2cdc81da595dc7c56f223615f0a8f25f68e0c","True",""
"Title6-T6CH12.pdf","https://legislature.idaho.gov/wp-content/uploads/statutesrules/idstat/Title6/T6CH12.pdf","39601","c1c67b671e9599d789c7c39616202a557c25c9028f4536b099e4eb48f24c1a7b","True",""
"Title6-T6CH13.pdf","https://legislature.idaho.gov/wp-content/uploads/statutesrules/idstat/Title6/T6CH13.pdf","31413","c4970151c281b3a74e18745c3a214dbd65e8a16defd5b13b513f72a096b40375","True",""
"Title6-T6CH14.pdf","https://legislature.idaho.gov/wp-content/uploads/statutesrules/idstat/Title6/T6CH14.pdf","54784","17395756afcf94fc901d56d77db92a0bd567ef28c5fb1c1bfb410cc224c1959b","True",""
"Title6-T6CH15.pdf","https://legislature.idaho.gov/wp-content/uploads/statutesrules/idstat/Title6/T6CH15.pdf","30184","a2a8a3c370e4a444f195cfa6545e8bd86eb2d42158288fca4553005e0c935dec","True",""
"Title6-T6CH16.pdf","https://legislature.idaho.gov/wp-content/uploads/statutesrules/idstat/Title6/T6CH16.pdf","63977","aa6b71e97428fc873c803bba74bba63fcdc62a701de2c5f710a3085194711da0","True",""
"Title6-T6CH17.pdf","https://legislature.idaho.gov/wp-content/uploads/statutesrules/idstat/Title6/T6CH17.pdf","38676","f59d7e7fae929f01e935577a4368e08dd032d0ab9fdad53e8526e3c3ba43c9a0","True",""
"Title6-T6CH18.pdf","https://legislature.idaho.gov/wp-content/uploads/statutesrules/idstat/Title6/T6CH18.pdf","37094","43433bc1b860709d72bdc54ed0e68b3ac46ae8150acdcff268d7b9d4ae830c9a","True",""
"Title6-T6CH19.pdf","https://legislature.idaho.gov/wp-content/uploads/statutesrules/idstat/Title6/T6CH19.pdf","39162","80949f0cf3d34798a88b7eee5f9403ab232ffde5f16085e3a0ecf67099c5fb66","True",""
"Title6-T6CH2.pdf","https://legislature.idaho.gov/wp-content/uploads/statutesrules/idstat/Title6/T6CH2.pdf","54161","162bdf582fd77f86df26e3170124efc69792fd2ed1021d6e6d0f20d085af5e5c","True",""
"Title6-T6CH20.pdf","https://legislature.idaho.gov/wp-content/uploads/statutesrules/idstat/Title6/T6CH20.pdf","33355","5d6a1ed0e18d4987444dfedd1208dc698b37c9732ff57665f4d713a471d580f5","True",""
"Title6-T6CH21.pdf","https://legislature.idaho.gov/wp-content/uploads/statutesrules/idstat/Title6/T6CH21.pdf","44727","021132a258f0aa6f11eaaf73d0987de89d079eff6a8bd6cca2748fb72b6bfda3","True",""
"Title6-T6CH22.pdf","https://legislature.idaho.gov/wp-content/uploads/statutesrules/idstat/Title6/T6CH22.pdf","78748","f130741ca3f9e537d5967a3393299e4a935ddad7128673b14340952bad35225f","True",""
"Title6-T6CH23.pdf","https://legislature.idaho.gov/wp-content/uploads/statutesrules/idstat/Title6/T6CH23.pdf","36451","0801e9028e1c17ae495cc31c854357aa582436bd3b288e3dfb7d04cc6dc777d7","True",""
"Title6-T6CH24.pdf","https://legislature.idaho.gov/wp-content/uploads/statutesrules/idstat/Title6/T6CH24.pdf","39705","396d2ea87e427540859bd5b5e73662ab741bbcfa145f3faeadfb4eebe2698f82","True",""
"Title6-T6CH25.pdf","https://legislature.idaho.gov/wp-content/uploads/statutesrules/idstat/Title6/T6CH25.pdf","50401","60ae5b5e444955f9e522c10aee42d916089155fe26a6445664257eb311d34edd","True",""
"Title6-T6CH26.pdf","https://legislature.idaho.gov/wp-content/uploads/statutesrules/idstat/Title6/T6CH26.pdf","45833","ecf0375300a99c409ab29f56d3c7b76e7350be7d3fb406fd77ae9876a32fc30d","True",""
"Title6-T6CH27.pdf","https://legislature.idaho.gov/wp-content/uploads/statutesrules/idstat/Title6/T6CH27.pdf","36970","d90b6e7d7b5aad07c2d409c14021534dffc627e7ca73e24ebaf28cecf58b36d4","True",""
"Title6-T6CH28.pdf","https://legislature.idaho.gov/wp-content/uploads/statutesrules/idstat/Title6/T6CH28.pdf","30467","e5a13eecfdba4cb2ada143a885b3cc5e6f6d18b4ecc6fd7b6514332651a019ff","True",""
"Title6-T6CH29.pdf","https://legislature.idaho.gov/wp-content/uploads/statutesrules/idstat/Title6/T6CH29.pdf","35950","e9195770c9b68e2ec6e9ce39bc12e6b1e2bb5f1d51d69f8d54f0f69cd7102ac8","True",""
"Title6-T6CH3.pdf","https://legislature.idaho.gov/wp-content/uploads/statutesrules/idstat/Title6/T6CH3.pdf","97264","1ccde045fe00c46e5ede4b6c62df9e54b5c817210b12fd83f3699ac4812e7400","True",""
"Title6-T6CH30.pdf","https://legislature.idaho.gov/wp-content/uploads/statutesrules/idstat/Title6/T6CH30.pdf","53801","31648dffbfdb4b8bf5699ca5d153df907fb8100067c9d12ed1cf2409cc27846a","True",""
"Title6-T6CH31.pdf","https://legislature.idaho.gov/wp-content/uploads/statutesrules/idstat/Title6/T6CH31.pdf","28015","ab611f68880673084d42a10475b1a887c01a0db3f6b52396ced899d794229033","True",""
"Title6-T6CH32.pdf","https://legislature.idaho.gov/wp-content/uploads/statutesrules/idstat/Title6/T6CH32.pdf","35270","0c0366294e282fc8747c560b7c8db639860852317aa256980e543afaf56af31e","True",""
"Title6-T6CH33.pdf","https://legislature.idaho.gov/wp-content/uploads/statutesrules/idstat/Title6/T6CH33.pdf","45024","a743b03deca092917d7cb78f9852be3e1ab4631083ca308ea3aa661805875e6d","True",""
"Title6-T6CH35.pdf","https://legislature.idaho.gov/wp-content/uploads/statutesrules/idstat/Title6/T6CH35.pdf","42349","6c7519ca2eb9cffa8ffa1ae17aa4d20aee1d3138298164b5961c42dbadbe85d0","True",""
"Title6-T6CH36.pdf","https://legislature.idaho.gov/wp-content/uploads/statutesrules/idstat/Title6/T6CH36.pdf","27566","209c33c01025e5a9d7656b0cca22a5f55ba7e914fc24ae34db6e8ef43aba4fad","True",""
"Title6-T6CH38.pdf","https://legislature.idaho.gov/wp-content/uploads/statutesrules/idstat/Title6/T6CH38.pdf","94483","e51597b0ad3939215fe6d7fd2477302eac6983b071bc78c74abbbc1c74c4553b","True",""
"Title6-T6CH39.pdf","https://legislature.idaho.gov/wp-content/uploads/statutesrules/idstat/Title6/T6CH39.pdf","51730","7da08aa733aa0b85770653f9bb2191f7e066260bf8cf5c0fff9ad5ee212cfc5b","True",""
"Title6-T6CH4.pdf","https://legislature.idaho.gov/wp-content/uploads/statutesrules/idstat/Title6/T6CH4.pdf","50586","c83875ba0d395cc963b70451f11f8b43f467cdca80e2f3aa545ade20876bf5fe","True",""
"Title6-T6CH5.pdf","https://legislature.idaho.gov/wp-content/uploads/statutesrules/idstat/Title6/T6CH5.pdf","69711","7593865667f8d384485d45d61103cad58c8bba151beb58342216e18a2f7b7ed7","True",""
"Title6-T6CH6.pdf","https://legislature.idaho.gov/wp-content/uploads/statutesrules/idstat/Title6/T6CH6.pdf","45229","8fe90afc39a863cf0e34d06cd74b861e33edacebf15432248f18fe16c556596d","True",""
"Title6-T6CH7.pdf","https://legislature.idaho.gov/wp-content/uploads/statutesrules/idstat/Title6/T6CH7.pdf","45719","770122a5caf3e3fc1b8a39b0de5721325ff3e6d57b6f627b23ef74d2de1c438f","True",""
"Title6-T6CH8.pdf","https://legislature.idaho.gov/wp-content/uploads/statutesrules/idstat/Title6/T6CH8.pdf","44245","10e07b217a2da0d45eb51b48ae6214320c1783128c5c0a9f3ce6aef2501d84ad","True",""
"Title6-T6CH9.pdf","https://legislature.idaho.gov/wp-content/uploads/statutesrules/idstat/Title6/T6CH9.pdf","88718","f25bbecbb0a92cc2b361f9b19242eb2f1990de454795a4fbb372b917b432bf17","True",""
"Title60-T60CH1.pdf","https://legislature.idaho.gov/wp-content/uploads/statutesrules/idstat/Title60/T60CH1.pdf","66577","a9d4d7cc1cab8821a081c9cc72ffa03bac1992a3cbeeb5c3d352853e87060e4d","True",""
"Title60-T60CH2.pdf","https://legislature.idaho.gov/wp-content/uploads/statutesrules/idstat/Title60/T60CH2.pdf","30388","5eb2181892293ed32205d526f8ce1d2ca0dac2dc970a9e236b0ca75ab64002fb","True",""
"Title60-T60CH3.pdf","https://legislature.idaho.gov/wp-content/uploads/statutesrules/idstat/Title60/T60CH3.pdf","43678","96cd73f0e32bfe1eb1a0fc11316014ae4749e17186220df47edd665ca04128b1","True",""
"Title61-T61CH1.pdf","https://legislature.idaho.gov/wp-content/uploads/statutesrules/idstat/Title61/T61CH1.pdf","52695","79dc051b8ae36c3472615fc651d73cd9e75b10bee14de3c24649ab818af0d45a","True",""
"Title61-T61CH10.pdf","https://legislature.idaho.gov/wp-content/uploads/statutesrules/idstat/Title61/T61CH10.pdf","43760","6593159c06de614b9c70c197bd258d836606b51696c934e2c35a3639204f6718","True",""
"Title61-T61CH12.pdf","https://legislature.idaho.gov/wp-content/uploads/statutesrules/idstat/Title61/T61CH12.pdf","37680","13aa513a163b5e4bd2db5ef37c972ed5a2243509ea8ac632224de5063ff4658f","True",""
"Title61-T61CH13.pdf","https://legislature.idaho.gov/wp-content/uploads/statutesrules/idstat/Title61/T61CH13.pdf","50092","fc042b4f05157ff9225e06df1400add687d366e776cf826af67bc940a7a4f531","True",""
"Title61-T61CH15.pdf","https://legislature.idaho.gov/wp-content/uploads/statutesrules/idstat/Title61/T61CH15.pdf","74893","7aa97ca28d799f42336bcc8ff5335f821dbcf00a2ebf4d72b66a56b4173b8a3b","True",""
"Title61-T61CH16.pdf","https://legislature.idaho.gov/wp-content/uploads/statutesrules/idstat/Title61/T61CH16.pdf","68976","3d22cee757675f7735877ea30ad96abbd8d2160b4ec1224e5dbc18f545b76f66","True",""
"Title61-T61CH17.pdf","https://legislature.idaho.gov/wp-content/uploads/statutesrules/idstat/Title61/T61CH17.pdf","68274","435ba94d2898965083e809d2e74a1c94ec09b70ec7eebe3abb0852685e91b432","True",""
"Title61-T61CH18.pdf","https://legislature.idaho.gov/wp-content/uploads/statutesrules/idstat/Title61/T61CH18.pdf","50872","793339c4c63682c74098b025c81d751164a9805b791df148250f0dc10def989c","True",""
"Title61-T61CH2.pdf","https://legislature.idaho.gov/wp-content/uploads/statutesrules/idstat/Title61/T61CH2.pdf","50777","0de3f9fc6f10b696817cdb687b6c5fcb517fddc7f27155a6329b58b5c11ce51d","True",""
"Title61-T61CH3.pdf","https://legislature.idaho.gov/wp-content/uploads/statutesrules/idstat/Title61/T61CH3.pdf","118927","09e289796c3e19fb44e68ed6ad1b33b1d0ad8413c50d5d16986af44ea003098b","True",""
"Title61-T61CH4.pdf","https://legislature.idaho.gov/wp-content/uploads/statutesrules/idstat/Title61/T61CH4.pdf","38694","c5c92d1a8be02ea69641f426cdb0feba992b150a090dc4ca5890c710dd77b918","True",""
"Title61-T61CH5.pdf","https://legislature.idaho.gov/wp-content/uploads/statutesrules/idstat/Title61/T61CH5.pdf","106176","9d5066e35db51ffe0dc121aad9a80732fbe594e4b6ecd4243cedcab399595758","True",""
"Title61-T61CH6.pdf","https://legislature.idaho.gov/wp-content/uploads/statutesrules/idstat/Title61/T61CH6.pdf","97078","d608a4e1a2256973a8c48d2d02aad81ac06dead2c012ad48814f4380ef0ba548","True",""
"Title61-T61CH7.pdf","https://legislature.idaho.gov/wp-content/uploads/statutesrules/idstat/Title61/T61CH7.pdf","49533","a3f7d7c03f57478581aa07837d5bf7e1ef19e124fde13a88161c8bd75671fd68","True",""
"Title61-T61CH8.pdf","https://legislature.idaho.gov/wp-content/uploads/statutesrules/idstat/Title61/T61CH8.pdf","55943","0997bfebacb7ef66458adfbba83270b73dac4ad36281803cdcdf6c90efe5a75a","True",""
"Title61-T61CH9.pdf","https://legislature.idaho.gov/wp-content/uploads/statutesrules/idstat/Title61/T61CH9.pdf","42824","1d4d782b22b6a9b6730d29801c8d979b37915e1fc7f82c764c32b99b01412ccd","True",""
"Title62-T62CH1.pdf","https://legislature.idaho.gov/wp-content/uploads/statutesrules/idstat/Title62/T62CH1.pdf","53156","99bbf2a90cb599627c744d1d23f11cb2a90c04252daa1039379693e034255a46","True",""
"Title62-T62CH10.pdf","https://legislature.idaho.gov/wp-content/uploads/statutesrules/idstat/Title62/T62CH10.pdf","34443","f725023f2714b4f649161430fe4071d544e5acc70f0ea446d10ab81c6c56bc41","True",""
"Title62-T62CH11.pdf","https://legislature.idaho.gov/wp-content/uploads/statutesrules/idstat/Title62/T62CH11.pdf","39003","af193d3262508f767fdaa384c3e0d35fd51e6527184c53f3d32066acb3157878","True",""
"Title62-T62CH12.pdf","https://legislature.idaho.gov/wp-content/uploads/statutesrules/idstat/Title62/T62CH12.pdf","37219","3d30f9ea68c51a05aa7dfb809a6306e329b452179174841e15a616dcdaf71ba8","True",""
"Title62-T62CH13.pdf","https://legislature.idaho.gov/wp-content/uploads/statutesrules/idstat/Title62/T62CH13.pdf","32230","a4943e329ef23c2782420e7bdfb537d40ae61bc454eda03b81eba905c45c235a","True",""
"Title62-T62CH2.pdf","https://legislature.idaho.gov/wp-content/uploads/statutesrules/idstat/Title62/T62CH2.pdf","36191","0eda0c355fe161c5ea84561495aea7c2dc78ee8ceafa527586469377095e080c","True",""
"Title62-T62CH3.pdf","https://legislature.idaho.gov/wp-content/uploads/statutesrules/idstat/Title62/T62CH3.pdf","51926","772165f430eab2ac1e655b3d4de27884f96751269a834c48d3c9f2decb0c61a4","True",""
"Title62-T62CH4.pdf","https://legislature.idaho.gov/wp-content/uploads/statutesrules/idstat/Title62/T62CH4.pdf","58265","b2676f38382a5c671681ba18215bf0b062465ca3c92e1806d54ba9b6ba0a982d","True",""
"Title62-T62CH6.pdf","https://legislature.idaho.gov/wp-content/uploads/statutesrules/idstat/Title62/T62CH6.pdf","129639","97f94626ade341a3d4835b3e16872c7f11a24667e10d49e742f7030e5df29ab1","True",""
"Title62-T62CH7.pdf","https://legislature.idaho.gov/wp-content/uploads/statutesrules/idstat/Title62/T62CH7.pdf","38236","0f1b5718be51b042ca196079c2d75728803408c136a00de6530608b4a7152521","True",""
"Title62-T62CH8.pdf","https://legislature.idaho.gov/wp-content/uploads/statutesrules/idstat/Title62/T62CH8.pdf","35289","092cc5abb8b29d24aa718129789d2c60e525ebc2300d8af5545994ae2cd8a46a","True",""
"Title62-T62CH9.pdf","https://legislature.idaho.gov/wp-content/uploads/statutesrules/idstat/Title62/T62CH9.pdf","34204","d2a7a21488dcf9369ba17774469a13081fc77b84e9c560b712dbac32b9d4f24b","True",""
"Title63-T63CH1.pdf","https://legislature.idaho.gov/wp-content/uploads/statutesrules/idstat/Title63/T63CH1.pdf","98219","10836f6e8667b07f27d6d3c81ecb66ed107346ff7975a7a95b514ddaddf022fd","True",""
"Title63-T63CH10.pdf","https://legislature.idaho.gov/wp-content/uploads/statutesrules/idstat/Title63/T63CH10.pdf","73388","db51a4b5c4443f3d5cafc3413d703297213afa28e7131103b7eaf061b251d896","True",""
"Title63-T63CH11.pdf","https://legislature.idaho.gov/wp-content/uploads/statutesrules/idstat/Title63/T63CH11.pdf","34320","792b2aeaeadef64d2f7720f14e45e6ea1a35e44a355a99f8ed32d865b72970c4","True",""
"Title63-T63CH12.pdf","https://legislature.idaho.gov/wp-content/uploads/statutesrules/idstat/Title63/T63CH12.pdf","31036","9d68cefc9cccaf3e76c0ed189d7b0c3bd5d86443469ce3e3b88c4a0bf3f66175","True",""
"Title63-T63CH13.pdf","https://legislature.idaho.gov/wp-content/uploads/statutesrules/idstat/Title63/T63CH13.pdf","69596","3b2c489ab726d46997818693e0e82560de2fc1343e0a3d8c46851fb81a5231f8","True",""
"Title63-T63CH14.pdf","https://legislature.idaho.gov/wp-content/uploads/statutesrules/idstat/Title63/T63CH14.pdf","45948","5ecd93cd1c6a0fe46aa348dbf77773eb78dea0fe986d04825703a8858788174d","True",""
"Title63-T63CH15.pdf","https://legislature.idaho.gov/wp-content/uploads/statutesrules/idstat/Title63/T63CH15.pdf","36547","a4221e9fea7505a6d36f0154a0e119a0c0f5dcbe8c9ace4cf42b83a2283e2281","True",""
"Title63-T63CH16.pdf","https://legislature.idaho.gov/wp-content/uploads/statutesrules/idstat/Title63/T63CH16.pdf","42105","225e2529956a7a7c310045a4f12a296952125a9f53077c3bdd729df047640a59","True",""
"Title63-T63CH17.pdf","https://legislature.idaho.gov/wp-content/uploads/statutesrules/idstat/Title63/T63CH17.pdf","103957","e163fe138a9584007ce93d43f2aa3cd681735b9b0f6c124e84873ff9039374b1","True",""
"Title63-T63CH18.pdf","https://legislature.idaho.gov/wp-content/uploads/statutesrules/idstat/Title63/T63CH18.pdf","38491","dae395a70adfae182b4838678c273fe36a7fd9bb0b6d9530b277fd63f167265d","True",""
"Title63-T63CH2.pdf","https://legislature.idaho.gov/wp-content/uploads/statutesrules/idstat/Title63/T63CH2.pdf","102488","4bfc00131dce7426f90f898ed72721a381cf2f4850d00c37ef48de96617ee251","True",""
"Title63-T63CH23.pdf","https://legislature.idaho.gov/wp-content/uploads/statutesrules/idstat/Title63/T63CH23.pdf","38358","15e1ffa5a372b00aa0efc02bc0fd313fa3c0f040a1e6427934c5644b148789ba","True",""
"Title63-T63CH24.pdf","https://legislature.idaho.gov/wp-content/uploads/statutesrules/idstat/Title63/T63CH24.pdf","174095","7f55203d178aee9318c6d985ccb59f9599fd9cf3724c15c21c90a3079adcda49","True",""
"Title63-T63CH25.pdf","https://legislature.idaho.gov/wp-content/uploads/statutesrules/idstat/Title63/T63CH25.pdf","146109","53ad8f4135cbb3a31510b3bd2515aa7f554476e64fc2c15214212e7b81d9b348","True",""
"Title63-T63CH27.pdf","https://legislature.idaho.gov/wp-content/uploads/statutesrules/idstat/Title63/T63CH27.pdf","56697","c829ace374d3e933394a6b53049152a942cf3c1009a86c651ec4f1f73ad1da7e","True",""
"Title63-T63CH28.pdf","https://legislature.idaho.gov/wp-content/uploads/statutesrules/idstat/Title63/T63CH28.pdf","47372","65997eb6014eef31fc8590825d05222b034cabddf1b18bc946f51467aca15c5e","True",""
"Title63-T63CH3.pdf","https://legislature.idaho.gov/wp-content/uploads/statutesrules/idstat/Title63/T63CH3.pdf","115665","05fb7105f69934c864f7102157ee0b3ff17b2a97effc2724ed4eaec3bc289178","True",""
"Title63-T63CH30.pdf","https://legislature.idaho.gov/wp-content/uploads/statutesrules/idstat/Title63/T63CH30.pdf","760373","909c138ed6bcf392b6d989b0dbb02a90dd1a5cd67ab36cc874af627f0904621b","True",""
"Title63-T63CH31.pdf","https://legislature.idaho.gov/wp-content/uploads/statutesrules/idstat/Title63/T63CH31.pdf","43282","8a9251a2b4fbf4a39b33088a352f89c995384caa5485aef4c8d54cf6672d497e","True",""
"Title63-T63CH32.pdf","https://legislature.idaho.gov/wp-content/uploads/statutesrules/idstat/Title63/T63CH32.pdf","40963","35c7b4f7e055311f7f0891a3f6dd67fe70a5262e3667f6dbdff973a2ad5433fe","True",""
"Title63-T63CH34.pdf","https://legislature.idaho.gov/wp-content/uploads/statutesrules/idstat/Title63/T63CH34.pdf","29918","99b847d5e627109e37d79f5e2725584b50149cd8a345f3d80bc55fbe58f86448","True",""
"Title63-T63CH35.pdf","https://legislature.idaho.gov/wp-content/uploads/statutesrules/idstat/Title63/T63CH35.pdf","84866","bc76fba1125358481a43ef6e7b5547f038ba71b2abe904baf70302b06d6e971d","True",""
"Title63-T63CH36.pdf","https://legislature.idaho.gov/wp-content/uploads/statutesrules/idstat/Title63/T63CH36.pdf","442702","adfd8c38ae2b628964fa952dd764ad056e7315e4c954f3d4966562e635188f13","True",""
"Title63-T63CH37.pdf","https://legislature.idaho.gov/wp-content/uploads/statutesrules/idstat/Title63/T63CH37.pdf","92202","ab4c65af6bfe6282537e3049544f984cbae5ed2eea382bb7191d1166d33479e6","True",""
"Title63-T63CH38.pdf","https://legislature.idaho.gov/wp-content/uploads/statutesrules/idstat/Title63/T63CH38.pdf","53076","b0721846622843bcda8bd31c7074f52cb201033ef8aed543348e24b1edfdfe47","True",""
"Title63-T63CH4.pdf","https://legislature.idaho.gov/wp-content/uploads/statutesrules/idstat/Title63/T63CH4.pdf","69970","1c07329621e7295eeb8078141d130a7e66c0986fdd2f2857d4d9f6010862dfec","True",""
"Title63-T63CH40.pdf","https://legislature.idaho.gov/wp-content/uploads/statutesrules/idstat/Title63/T63CH40.pdf","59002","cdd9fe690863680c2868356552a68573d8b0d0034989861d3e10cbb99dc73872","True",""
"Title63-T63CH41.pdf","https://legislature.idaho.gov/wp-content/uploads/statutesrules/idstat/Title63/T63CH41.pdf","41678","5d600a5fce325f762b61028fb8ff0fc2aeccaa01a77647657ea05561cbddc9ad","True",""
"Title63-T63CH42.pdf","https://legislature.idaho.gov/wp-content/uploads/statutesrules/idstat/Title63/T63CH42.pdf","60905","b588131ca7ef69c1c66bdb07490f0c437947dc30434f237f09222334fa578106","True",""
"Title63-T63CH44.pdf","https://legislature.idaho.gov/wp-content/uploads/statutesrules/idstat/Title63/T63CH44.pdf","80313","b6011438553710c81eff50a3359185f5ee063925d34c4c476e0be5304a1dda9e","True",""
"Title63-T63CH45.pdf","https://legislature.idaho.gov/wp-content/uploads/statutesrules/idstat/Title63/T63CH45.pdf","37363","0a8b12050108b68df02240847c350d12491d6f25890aec297787dcf20ebca14b","True",""
"Title63-T63CH5.pdf","https://legislature.idaho.gov/wp-content/uploads/statutesrules/idstat/Title63/T63CH5.pdf","63346","f481ff24e0944f9f50f0a04b2545c976c1321796c30855ea79fca299967e554b","True",""
"Title63-T63CH6.pdf","https://legislature.idaho.gov/wp-content/uploads/statutesrules/idstat/Title63/T63CH6.pdf","222208","9b2bfa888b0832f4ad91b6493eab3ab4cdc10b2d6ddeaf776cfc0cef303756ac","True",""
"Title63-T63CH7.pdf","https://legislature.idaho.gov/wp-content/uploads/statutesrules/idstat/Title63/T63CH7.pdf","164096","f2ed0f3ae8388017cfdad2894533f355b09a04d9acfd1509d0150aa428dee925","True",""
"Title63-T63CH8.pdf","https://legislature.idaho.gov/wp-content/uploads/statutesrules/idstat/Title63/T63CH8.pdf","99028","a97950710683824950f7e843f9ea6722166d13102dd3105bb6ffdca05e8e0b6e","True",""
"Title63-T63CH9.pdf","https://legislature.idaho.gov/wp-content/uploads/statutesrules/idstat/Title63/T63CH9.pdf","57271","db9141b14031c937dd04f3334a235ab142edfd8f544ef6299648726ef9bac9bd","True",""
"Title65-T65CH1.pdf","https://legislature.idaho.gov/wp-content/uploads/statutesrules/idstat/Title65/T65CH1.pdf","41300","de221a6a7a3ed6686035a0c131f4d488220bced3d9ca43034af043398ef764c1","True",""
"Title65-T65CH2.pdf","https://legislature.idaho.gov/wp-content/uploads/statutesrules/idstat/Title65/T65CH2.pdf","46888","0583ade3bf864e5dfefb811317b75b8f97aa60b16633d47fda8546a77d6f8abf","True",""
"Title65-T65CH3.pdf","https://legislature.idaho.gov/wp-content/uploads/statutesrules/idstat/Title65/T65CH3.pdf","37301","333a046d225cf76a6cfe5dd66942b7d54038bafb614dd9a2791fdf3b4316c04d","True",""
"Title65-T65CH5.pdf","https://legislature.idaho.gov/wp-content/uploads/statutesrules/idstat/Title65/T65CH5.pdf","60664","8efe207f2bc4a31bef6e6e0f346cf84e38a8b0f46619c5c05f8cdbe09ee4094f","True",""
"Title65-T65CH6.pdf","https://legislature.idaho.gov/wp-content/uploads/statutesrules/idstat/Title65/T65CH6.pdf","31581","3a7817d2722019355d3663ba1850019673dd2621a11df7c3e8e5cda70bb2b4ce","True",""
"Title65-T65CH7.pdf","https://legislature.idaho.gov/wp-content/uploads/statutesrules/idstat/Title65/T65CH7.pdf","39096","06ceb404b4b934cb63d680948a92c3fc2ffd0dd271b0e5705e275738be7ba9dd","True",""
"Title66-T66CH1.pdf","https://legislature.idaho.gov/wp-content/uploads/statutesrules/idstat/Title66/T66CH1.pdf","17566","eb6ab55884907c7e882defdac811c2688c115e9c833f54cf1712a89648d1a2b0","True",""
"Title66-T66CH11.pdf","https://legislature.idaho.gov/wp-content/uploads/statutesrules/idstat/Title66/T66CH11.pdf","47222","0c72bca3e115e0e17c193940abf074d6ffcc8127cfaa845ef27f9ed847314eff","True",""
"Title66-T66CH12.pdf","https://legislature.idaho.gov/wp-content/uploads/statutesrules/idstat/Title66/T66CH12.pdf","52866","c6755f12fcf2f1822b9cc695ee6c31222a0acc6f076508de1357d769528eb789","True",""
"Title66-T66CH13.pdf","https://legislature.idaho.gov/wp-content/uploads/statutesrules/idstat/Title66/T66CH13.pdf","49678","2307fd40c6353796c0e2f72aa8a3dd80deb2f5c8ccfc010bf2e949da8bafbf2e","True",""
"Title66-T66CH3.pdf","https://legislature.idaho.gov/wp-content/uploads/statutesrules/idstat/Title66/T66CH3.pdf","177187","353747fc12200e97c1679cae97f8f3494b9b7c9d4fcd2faf461017b855b36029","True",""
"Title66-T66CH4.pdf","https://legislature.idaho.gov/wp-content/uploads/statutesrules/idstat/Title66/T66CH4.pdf","103309","a116975debd06e7e7aeb258a69c25d03ccb14e27b351038aeb66f5b829f3cb42","True",""
"Title66-T66CH5.pdf","https://legislature.idaho.gov/wp-content/uploads/statutesrules/idstat/Title66/T66CH5.pdf","32713","0436f40e3635e81c3c800896993ee50a058457957987addf018ea31206325f61","True",""
"Title66-T66CH6.pdf","https://legislature.idaho.gov/wp-content/uploads/statutesrules/idstat/Title66/T66CH6.pdf","50782","2334c6d4f492fb8816c056dc75f501380f08eaead2344e9ff3a6282658a1aed5","True",""
"Title66-T66CH9.pdf","https://legislature.idaho.gov/wp-content/uploads/statutesrules/idstat/Title66/T66CH9.pdf","40887","71059b32dd663fed5feb456e9267e1fe7fe1002e7faf1b81312239a83898ee11","True",""
"Title67-T67CH1.pdf","https://legislature.idaho.gov/wp-content/uploads/statutesrules/idstat/Title67/T67CH1.pdf","35860","a81f568bdcb8a47574ec5cd2d95c449be267189ab6806f22e593d11411979aa4","True",""
"Title67-T67CH10.pdf","https://legislature.idaho.gov/wp-content/uploads/statutesrules/idstat/Title67/T67CH10.pdf","114107","c35138c1dc15488cb023e5c18cf698492b3a9cb1017f2c1cbeb2da12fff8458d","True",""
"Title67-T67CH11.pdf","https://legislature.idaho.gov/wp-content/uploads/statutesrules/idstat/Title67/T67CH11.pdf","33369","84c13ca8c001877365548cfd3067b98390699f6ba8e37f77c72771ff99d5f35b","True",""
"Title67-T67CH12.pdf","https://legislature.idaho.gov/wp-content/uploads/statutesrules/idstat/Title67/T67CH12.pdf","106168","6e91e4fa9d87d8e24080a5d376c2b0b78cf1efb8394a9f393ecb2df89712b05f","True",""
"Title67-T67CH13.pdf","https://legislature.idaho.gov/wp-content/uploads/statutesrules/idstat/Title67/T67CH13.pdf","32611","0fd9423ecee0069493a946b0f8abbce98d02b631cf6f6b88a5f6d99fbfb08a6a","True",""
"Title67-T67CH14.pdf","https://legislature.idaho.gov/wp-content/uploads/statutesrules/idstat/Title67/T67CH14.pdf","70604","247a6eb0e1d9e608b9038323a366fccae7be4fec13f8411373af0dd8de4a6e12","True",""
"Title67-T67CH15.pdf","https://legislature.idaho.gov/wp-content/uploads/statutesrules/idstat/Title67/T67CH15.pdf","39191","efc1bb042a5a13366c1839ecaee0a0e231feaceb62cdc91b3fd95ab89f25da9f","True",""
"Title67-T67CH16.pdf","https://legislature.idaho.gov/wp-content/uploads/statutesrules/idstat/Title67/T67CH16.pdf","65383","f565c85ec7a51298fc7388347a847c0995930edaaa2ba4b97dbdd8bf9c0ddd92","True",""
"Title67-T67CH17.pdf","https://legislature.idaho.gov/wp-content/uploads/statutesrules/idstat/Title67/T67CH17.pdf","35212","829184a7df4d3e999915f1ffc294f82730d59b3f3d8f0b48381078fa4fb02126","True",""
"Title67-T67CH18.pdf","https://legislature.idaho.gov/wp-content/uploads/statutesrules/idstat/Title67/T67CH18.pdf","43124","975893b5f65127034e6417546a54412ca40a5e59e7df8588a7fab6bf18fee29f","True",""
"Title67-T67CH19.pdf","https://legislature.idaho.gov/wp-content/uploads/statutesrules/idstat/Title67/T67CH19.pdf","59602","bcb63bcf33222dcdc69b6e1a35c0619c8bb3d1b0ee2aa651a14f9d9b28f8d263","True",""
"Title67-T67CH2.pdf","https://legislature.idaho.gov/wp-content/uploads/statutesrules/idstat/Title67/T67CH2.pdf","31622","89a24c58e3e5b0f844088b54ee7725a08b5bfbf2bc3ff8852abcdc21509784ef","True",""
"Title67-T67CH20.pdf","https://legislature.idaho.gov/wp-content/uploads/statutesrules/idstat/Title67/T67CH20.pdf","73150","ee17c634e687e154d9e0be1708eb5d507a0de8c171ba9187b437bfcf71e47c70","True",""
"Title67-T67CH21.pdf","https://legislature.idaho.gov/wp-content/uploads/statutesrules/idstat/Title67/T67CH21.pdf","28443","6132c92f459043f0813cb31924ce1db230289f0ace4ebccbd457390729862eba","True",""
"Title67-T67CH22.pdf","https://legislature.idaho.gov/wp-content/uploads/statutesrules/idstat/Title67/T67CH22.pdf","29900","94c1ee3e8e7e918e8e5f47def8171ee1e563dae01e543afda63ee771a0f1b0d1","True",""
"Title67-T67CH23.pdf","https://legislature.idaho.gov/wp-content/uploads/statutesrules/idstat/Title67/T67CH23.pdf","174183","a914df7484acf7469fa9207989189ac41754b0bf657b1106948dd397942a3f1d","True",""
"Title67-T67CH24.pdf","https://legislature.idaho.gov/wp-content/uploads/statutesrules/idstat/Title67/T67CH24.pdf","44198","2f327434a05c398dae3a5f7d526737ca46597fe8530ee34ba642ae442bc56731","True",""
"Title67-T67CH25.pdf","https://legislature.idaho.gov/wp-content/uploads/statutesrules/idstat/Title67/T67CH25.pdf","44633","78ffa23ca1820affd4b123043588432aafe7f4a85803ca7cf6753555a80aa6db","True",""
"Title67-T67CH26.pdf","https://legislature.idaho.gov/wp-content/uploads/statutesrules/idstat/Title67/T67CH26.pdf","95701","dd803ac2acc494c374f385ea169cf38267cf124f8543d9c2047c9374cc6c6429","True",""
"Title67-T67CH27.pdf","https://legislature.idaho.gov/wp-content/uploads/statutesrules/idstat/Title67/T67CH27.pdf","122071","e3f3b7267bbfcab2a1fc650369cb7fbdd6385595c1a2248ea1fd4d1e75ca32b1","True",""
"Title67-T67CH28.pdf","https://legislature.idaho.gov/wp-content/uploads/statutesrules/idstat/Title67/T67CH28.pdf","98327","8ba087c7826ec159da5b151acda125b51c205437e307edbf4e63b029a9ad6707","True",""
"Title67-T67CH29.pdf","https://legislature.idaho.gov/wp-content/uploads/statutesrules/idstat/Title67/T67CH29.pdf","129129","149c2039eb5b3bb3d16595ae70aabd91c386873a38e6037a534f410edb5ff8fc","True",""
"Title67-T67CH3.pdf","https://legislature.idaho.gov/wp-content/uploads/statutesrules/idstat/Title67/T67CH3.pdf","31161","95fdd0405eb311ef4e1afd7dff4cad378bdb5df8fdc5896a90a4c890496b48d9","True",""
"Title67-T67CH30.pdf","https://legislature.idaho.gov/wp-content/uploads/statutesrules/idstat/Title67/T67CH30.pdf","137580","276e427c18ff5283dc6d977a16ab523e9a9ade5c56a0a99c9b0e3bb43b892eef","True",""
"Title67-T67CH33.pdf","https://legislature.idaho.gov/wp-content/uploads/statutesrules/idstat/Title67/T67CH33.pdf","30381","90ab155c8262fd4b311764865532601e4ed2ea042febb3fdd7b11b59a2ea1abc","True",""
"Title67-T67CH35.pdf","https://legislature.idaho.gov/wp-content/uploads/statutesrules/idstat/Title67/T67CH35.pdf","99775","343950ccd87a1fa47efbc45c17ed80b22187e6fb7b9967707277640d09a347b2","True",""
"Title67-T67CH36.pdf","https://legislature.idaho.gov/wp-content/uploads/statutesrules/idstat/Title67/T67CH36.pdf","42414","b1ed08c013910b7ca7534e9cfcc8413c1db6ff2c4c8de999441d607cdc506f8a","True",""
"Title67-T67CH37.pdf","https://legislature.idaho.gov/wp-content/uploads/statutesrules/idstat/Title67/T67CH37.pdf","33220","59ed70e9e6ebd8b802bb2c62baa14c1867d9e2a01196e1f887f08641b22368d5","True",""
"Title67-T67CH38.pdf","https://legislature.idaho.gov/wp-content/uploads/statutesrules/idstat/Title67/T67CH38.pdf","70050","50fea927ce0bcd4bb394686ec2e06e7447027debae966ca11e804446d91ece19","True",""
"Title67-T67CH39.pdf","https://legislature.idaho.gov/wp-content/uploads/statutesrules/idstat/Title67/T67CH39.pdf","48171","558a25c85aa410350ec56c1d7a17403fcf988bc62fd971fc5d82bb942ed8cc88","True",""
"Title67-T67CH4.pdf","https://legislature.idaho.gov/wp-content/uploads/statutesrules/idstat/Title67/T67CH4.pdf","175536","e5e5844f97c9844d5242f5df28f80c5c1a2bf639236d97db116d8e287236cb2f","True",""
"Title67-T67CH40.pdf","https://legislature.idaho.gov/wp-content/uploads/statutesrules/idstat/Title67/T67CH40.pdf","41641","685adc174d13fc59f14d7691aa9d1d262f2180d0644e0dfe1bf9751754cca07d","True",""
"Title67-T67CH41.pdf","https://legislature.idaho.gov/wp-content/uploads/statutesrules/idstat/Title67/T67CH41.pdf","67408","8d25f7d0e167989c9ee23365dbfeda07eb652102b6254acf3ef85243a68f2ef5","True",""
"Title67-T67CH42.pdf","https://legislature.idaho.gov/wp-content/uploads/statutesrules/idstat/Title67/T67CH42.pdf","115166","e3a9deaa7570a58b685fffbd70f02543bc4411256d88f019d050ca96ac3ececb","True",""
"Title67-T67CH43.pdf","https://legislature.idaho.gov/wp-content/uploads/statutesrules/idstat/Title67/T67CH43.pdf","55377","92e1cc44f7bece223d66ee6460513a313b17cd84142871c7eb4f61405f4333dd","True",""
"Title67-T67CH44.pdf","https://legislature.idaho.gov/wp-content/uploads/statutesrules/idstat/Title67/T67CH44.pdf","47511","dfc67092ce8e406478d95de3cbf326757c75d9643ed8be2c63f01c9fee620f44","True",""
"Title67-T67CH45.pdf","https://legislature.idaho.gov/wp-content/uploads/statutesrules/idstat/Title67/T67CH45.pdf","38873","d93cf5502079d27440252e270e5a356b3abc763d1f8f56862ee80face905bcda","True",""
"Title67-T67CH46.pdf","https://legislature.idaho.gov/wp-content/uploads/statutesrules/idstat/Title67/T67CH46.pdf","61790","666ec134d5695e7af0896a9bbd07a7b0c00449218ea539db336386c6b681f146","True",""
"Title67-T67CH47.pdf","https://legislature.idaho.gov/wp-content/uploads/statutesrules/idstat/Title67/T67CH47.pdf","145840","5e569c715bbf240afadc78badb84b17a6787f36d712785365bec1b073fbd8906","True",""
"Title67-T67CH49.pdf","https://legislature.idaho.gov/wp-content/uploads/statutesrules/idstat/Title67/T67CH49.pdf","117254","2fe714ec6f156d5015a2676e97f1c795d88c78be1269272fda20633f60a2362f","True",""
"Title67-T67CH5.pdf","https://legislature.idaho.gov/wp-content/uploads/statutesrules/idstat/Title67/T67CH5.pdf","46672","87d19e289e3c5e401eb4811dab19a773872b5cd8becc46578e48fb86a4cc587d","True",""
"Title67-T67CH50.pdf","https://legislature.idaho.gov/wp-content/uploads/statutesrules/idstat/Title67/T67CH50.pdf","62123","dccab3501b0e22807264a9e8d5881d2aa4aecd5208ea28663e1a1cb6fa14e76a","True",""
"Title67-T67CH51.pdf","https://legislature.idaho.gov/wp-content/uploads/statutesrules/idstat/Title67/T67CH51.pdf","34804","19bbbcfc806867fc447aad0ef8907259ec0f817a5e9cbfaa2a060e71d89769b5","True",""
"Title67-T67CH52.pdf","https://legislature.idaho.gov/wp-content/uploads/statutesrules/idstat/Title67/T67CH52.pdf","198353","6d95f29c7cfed9f1b69f6b2e9668ccfbe38f3f1169fc6a37c2ea9e75197f48f7","True",""
"Title67-T67CH53.pdf","https://legislature.idaho.gov/wp-content/uploads/statutesrules/idstat/Title67/T67CH53.pdf","198965","a8a648d8cb52549585e62cea72501b8d4a857158545bb0a9ab3a355503506ae1","True",""
"Title67-T67CH54.pdf","https://legislature.idaho.gov/wp-content/uploads/statutesrules/idstat/Title67/T67CH54.pdf","47999","af282fe6915c7b3f47671ad2516df508e8d5aa411cdb07c0d43dd73fed932117","True",""
"Title67-T67CH55.pdf","https://legislature.idaho.gov/wp-content/uploads/statutesrules/idstat/Title67/T67CH55.pdf","44895","c61d94817c7b3e71726818edc5c37e1b30baaeeac6db4e9d60d8f7f162fbc014","True",""
"Title67-T67CH56.pdf","https://legislature.idaho.gov/wp-content/uploads/statutesrules/idstat/Title67/T67CH56.pdf","40843","77a46792233ffaf4072cf246c83bfd199f3f41b5ff64f404af2a61ffc8f328c0","True",""
"Title67-T67CH57.pdf","https://legislature.idaho.gov/wp-content/uploads/statutesrules/idstat/Title67/T67CH57.pdf","244180","e68a5ab437b54d0db0d8ecf0e2650bf55ee30ae0b6eae38ee88c29f0fb624bfd","True",""
"Title67-T67CH58.pdf","https://legislature.idaho.gov/wp-content/uploads/statutesrules/idstat/Title67/T67CH58.pdf","45996","1fba0d367b689592ae2f24f12c6939b6d5acdcf50967d935d52d4f64f240ce3a","True",""
"Title67-T67CH59.pdf","https://legislature.idaho.gov/wp-content/uploads/statutesrules/idstat/Title67/T67CH59.pdf","114282","5ee30bbeb35fa918022e9295d8b568e13c62e907b8222e229bfb5f846e8fdb51","True",""
"Title67-T67CH6.pdf","https://legislature.idaho.gov/wp-content/uploads/statutesrules/idstat/Title67/T67CH6.pdf","25871","1b13395492f364b824bb7575c13ef69bb2c0c5c47fa6b7e78500ac26ef9076d2","True",""
"Title67-T67CH60.pdf","https://legislature.idaho.gov/wp-content/uploads/statutesrules/idstat/Title67/T67CH60.pdf","18422","5b4587c13292d15fe01084896d8f835e4a325eb299c9ac856eb61ce1c0b6649a","True",""
"Title67-T67CH62.pdf","https://legislature.idaho.gov/wp-content/uploads/statutesrules/idstat/Title67/T67CH62.pdf","176413","484ba8cbf5526be69ec9bef80e883dbb7991e8fb5f0527d40407cee260996b2d","True",""
"Title67-T67CH63.pdf","https://legislature.idaho.gov/wp-content/uploads/statutesrules/idstat/Title67/T67CH63.pdf","37564","f897d542b991a98cd65011b22afb13abd7b040a5ca9867f0c29d4545acf46d62","True",""
"Title67-T67CH64.pdf","https://legislature.idaho.gov/wp-content/uploads/statutesrules/idstat/Title67/T67CH64.pdf","86014","20313f26fa1caa08b3988798decd512652d49c4b2bea90e65cbc3a0f3e6f338f","True",""
"Title67-T67CH65.pdf","https://legislature.idaho.gov/wp-content/uploads/statutesrules/idstat/Title67/T67CH65.pdf","249509","3180867ceb3a91c6485d76b97e00969902534d6d588a74ecae8fcd81513fdbe3","True",""
"Title67-T67CH66.pdf","https://legislature.idaho.gov/wp-content/uploads/statutesrules/idstat/Title67/T67CH66.pdf","124691","eaf5208dcfe91ca93a3fd62e8f867df1e346b8b0629bba7a4543ca642cc3a12a","True",""
"Title67-T67CH67.pdf","https://legislature.idaho.gov/wp-content/uploads/statutesrules/idstat/Title67/T67CH67.pdf","56464","63531582169803424b325a4be573c1dc098e1a9d4ad3e14fafabd3ec42c5f711","True",""
"Title67-T67CH68.pdf","https://legislature.idaho.gov/wp-content/uploads/statutesrules/idstat/Title67/T67CH68.pdf","32996","e571f4c10bdceecfcada9ffcfcc1c360a7716e2d8f45653c3bdb79d18d72ab2b","True",""
"Title67-T67CH69.pdf","https://legislature.idaho.gov/wp-content/uploads/statutesrules/idstat/Title67/T67CH69.pdf","36017","e65e459880a81b676f67d0f31a493e82e204c35ee6380a94b0511fbfe1ec7897","True",""
"Title67-T67CH7.pdf","https://legislature.idaho.gov/wp-content/uploads/statutesrules/idstat/Title67/T67CH7.pdf","43526","c864cae87329f16b11b906f7aa96d550f64e83e5c66c33893200a4197dcfc0d5","True",""
"Title67-T67CH70.pdf","https://legislature.idaho.gov/wp-content/uploads/statutesrules/idstat/Title67/T67CH70.pdf","207517","10d500dd2ef4bea82a527eedff3aeff54470051d2e50d02408b8a921712335df","True",""
"Title67-T67CH71.pdf","https://legislature.idaho.gov/wp-content/uploads/statutesrules/idstat/Title67/T67CH71.pdf","124080","9ec23f2424b6d556493ab460dd5dd9d4cc285eeddc80ecf31ed16a9512bd7eb6","True",""
"Title67-T67CH72.pdf","https://legislature.idaho.gov/wp-content/uploads/statutesrules/idstat/Title67/T67CH72.pdf","37149","1758e8b785399397d969e13cd692c220785b4f54acf912f1ba02764dcf8867b8","True",""
"Title67-T67CH73.pdf","https://legislature.idaho.gov/wp-content/uploads/statutesrules/idstat/Title67/T67CH73.pdf","43394","e9a5d60600f49c643f2e52d745706b4497bd8f96ccf89f3702c9cca7093e8f00","True",""
"Title67-T67CH74.pdf","https://legislature.idaho.gov/wp-content/uploads/statutesrules/idstat/Title67/T67CH74.pdf","114437","d8e57ecd78324ae2ae95d98c5d93165f3eabd59587b217ea200b419cd5ad4b97","True",""
"Title67-T67CH75.pdf","https://legislature.idaho.gov/wp-content/uploads/statutesrules/idstat/Title67/T67CH75.pdf","40562","1005db68e0aa5b19385327d0001c539e61dc63aa44fda62d880eb1aa10dd39ef","True",""
"Title67-T67CH76.pdf","https://legislature.idaho.gov/wp-content/uploads/statutesrules/idstat/Title67/T67CH76.pdf","30244","059a175359e7b3ef2b7d9647fe99c52bc188809c333cb488e481049bbd42f370","True",""
"Title67-T67CH77.pdf","https://legislature.idaho.gov/wp-content/uploads/statutesrules/idstat/Title67/T67CH77.pdf","116255","abc9bf07689843b76e3a2c5373658108eefe824e0fe5699387dd9a76667da9fd","True",""
"Title67-T67CH78.pdf","https://legislature.idaho.gov/wp-content/uploads/statutesrules/idstat/Title67/T67CH78.pdf","39923","ea17407ba698043609cc679fa8c7667b26d7b6312242cbb0f247c6e87ce45adc","True",""
"Title67-T67CH79.pdf","https://legislature.idaho.gov/wp-content/uploads/statutesrules/idstat/Title67/T67CH79.pdf","41716","536cf49ae52378a706608ec2745bd309cd6af5834a95ccc0d6cdd500c0ae9656","True",""
"Title67-T67CH8.pdf","https://legislature.idaho.gov/wp-content/uploads/statutesrules/idstat/Title67/T67CH8.pdf","121297","b9431060190d4e667f25b1923bc1005e90b51d7a3eb61c5bd2b202948f1891b3","True",""
"Title67-T67CH80.pdf","https://legislature.idaho.gov/wp-content/uploads/statutesrules/idstat/Title67/T67CH80.pdf","36465","8b869427ea79ea2c921483320d568557516f1bcfce39b094e9585249fdeec2d1","True",""
"Title67-T67CH81.pdf","https://legislature.idaho.gov/wp-content/uploads/statutesrules/idstat/Title67/T67CH81.pdf","48966","3a2a8077a18f91a93a27faa8a71e14f352b495b7e46841a3d31c522c17f1a2c4","True",""
"Title67-T67CH82.pdf","https://legislature.idaho.gov/wp-content/uploads/statutesrules/idstat/Title67/T67CH82.pdf","112031","5512e704229bb79c575f5f95d66661188742d2861b28a776eb6b4135071f43f7","True",""
"Title67-T67CH86.pdf","https://legislature.idaho.gov/wp-content/uploads/statutesrules/idstat/Title67/T67CH86.pdf","29485","68afdde942e9d4873832ad6bdca5f7c57562829b8bb72b4d0f90471e3564df90","True",""
"Title67-T67CH87.pdf","https://legislature.idaho.gov/wp-content/uploads/statutesrules/idstat/Title67/T67CH87.pdf","108879","26d2a979040948b7c88ea0174f418f21d6534285f6ea46d6b259c24ebd11ff27","True",""
"Title67-T67CH88.pdf","https://legislature.idaho.gov/wp-content/uploads/statutesrules/idstat/Title67/T67CH88.pdf","41701","76f5ca08b7d699de24720389849b6f7ca5c4abd68941045a055e218ecfeb714b","True",""
"Title67-T67CH89.pdf","https://legislature.idaho.gov/wp-content/uploads/statutesrules/idstat/Title67/T67CH89.pdf","119786","34ae6077fb1ee44c34d48ad5185dd1d6c9414bdbffd0e13bd09b8519b6ef44ef","True",""
"Title67-T67CH9.pdf","https://legislature.idaho.gov/wp-content/uploads/statutesrules/idstat/Title67/T67CH9.pdf","55050","3e919f86f64badbfef6f3425da8bb3cd1d859d629405f76736169ad7e45f12ad","True",""
"Title67-T67CH90.pdf","https://legislature.idaho.gov/wp-content/uploads/statutesrules/idstat/Title67/T67CH90.pdf","44514","adfcb88e4a6eb2ddd70be78e21f01342f22548a5c1171061f34943f91ca4a71a","True",""
"Title67-T67CH91.pdf","https://legislature.idaho.gov/wp-content/uploads/statutesrules/idstat/Title67/T67CH91.pdf","36795","692147dec0ef89aff63fd48ba44becafd0668f4a869b45b7f5fde65befe274b4","True",""
"Title67-T67CH92.pdf","https://legislature.idaho.gov/wp-content/uploads/statutesrules/idstat/Title67/T67CH92.pdf","164444","70d78da33e1a2cad9be288cafa783553d3457e7654eb698055144bcb33ae20a1","True",""
"Title67-T67CH93.pdf","https://legislature.idaho.gov/wp-content/uploads/statutesrules/idstat/Title67/T67CH93.pdf","32972","e19394efc852b2eb82185a7ab88d427f0d6c667ebfc39f4e7009e4e1ff558ff0","True",""
"Title67-T67CH94.pdf","https://legislature.idaho.gov/wp-content/uploads/statutesrules/idstat/Title67/T67CH94.pdf","98591","2a46778ff59748d4d94b24c92eba9205d83d261b84a872669bc82e6e787c2b9d","True",""
"Title67-T67CH95.pdf","https://legislature.idaho.gov/wp-content/uploads/statutesrules/idstat/Title67/T67CH95.pdf","36619","a6865182e336a671691266357d583a856282763d14d47a0b6af2f69f89a730e0","True",""
"Title67-T67CH96.pdf","https://legislature.idaho.gov/wp-content/uploads/statutesrules/idstat/Title67/T67CH96.pdf","27958","3825ec16cdae34e8acbe83a03cd45ec2306e0d02dd91781b64439c7611679312","True",""
"Title67-T67CH97.pdf","https://legislature.idaho.gov/wp-content/uploads/statutesrules/idstat/Title67/T67CH97.pdf","59698","29bfc9b8455df40ee64e062839ff3a5de2c2e20364899468e02ee514a4fee454","True",""
"Title67-T67CH98.pdf","https://legislature.idaho.gov/wp-content/uploads/statutesrules/idstat/Title67/T67CH98.pdf","40468","f311b93890925fc551bc277be0d7225e4847dc0e984e51813502f3665edc49d1","True",""
"Title67-T67CH99.pdf","https://legislature.idaho.gov/wp-content/uploads/statutesrules/idstat/Title67/T67CH99.pdf","27760","76efe032e00b2fca2da6614f34b926427bbadce02ed201d3973002361d26c3b2","True",""
"Title68-T68CH1.pdf","https://legislature.idaho.gov/wp-content/uploads/statutesrules/idstat/Title68/T68CH1.pdf","60656","22fdbaf53438b3de6a1d1419f2b99e9b4deed65fa1072b3c8a9ae232433b0865","True",""
"Title68-T68CH10.pdf","https://legislature.idaho.gov/wp-content/uploads/statutesrules/idstat/Title68/T68CH10.pdf","129828","565ffe2f1044d943c8477a86eae5c3be050e560ff20ac696e51b33ff7fc0d4b1","True",""
"Title68-T68CH12.pdf","https://legislature.idaho.gov/wp-content/uploads/statutesrules/idstat/Title68/T68CH12.pdf","38246","0221e604159991ffb0947a9f89d4c75b7af1509c742fab30f6cbdcb5082087c0","True",""
"Title68-T68CH13.pdf","https://legislature.idaho.gov/wp-content/uploads/statutesrules/idstat/Title68/T68CH13.pdf","81705","12822f1c3efb7ef80da6da89e4b96dcbcdeb8a5963bd5142439cbcb42fa97ff3","True",""
"Title68-T68CH14.pdf","https://legislature.idaho.gov/wp-content/uploads/statutesrules/idstat/Title68/T68CH14.pdf","41148","fd2dadf1985eea5e901b0656c52c5fc5aba3ce19f501894a84d83086f5f0c4df","True",""
"Title68-T68CH2.pdf","https://legislature.idaho.gov/wp-content/uploads/statutesrules/idstat/Title68/T68CH2.pdf","27305","28f094559a4f236ab90d0b9a838fdd079d576698dd0ee83611ddaafd228d6c11","True",""
"Title68-T68CH3.pdf","https://legislature.idaho.gov/wp-content/uploads/statutesrules/idstat/Title68/T68CH3.pdf","43361","780a70069c8746a7af4a9cfcba2c0bca25597bd21ce3b89349f2f45c3a4f33d0","True",""
"Title68-T68CH4.pdf","https://legislature.idaho.gov/wp-content/uploads/statutesrules/idstat/Title68/T68CH4.pdf","42480","1eaf8db826d4dc45466296f1cd93253d4a0da2e819c027fc00f64d92551dce5d","True",""
"Title68-T68CH5.pdf","https://legislature.idaho.gov/wp-content/uploads/statutesrules/idstat/Title68/T68CH5.pdf","41560","dc9fbec55157897cdb0f3fb6eb6f934b5e54e975015a0c4ba4dcd1b0acf8c076","True",""
"Title68-T68CH6.pdf","https://legislature.idaho.gov/wp-content/uploads/statutesrules/idstat/Title68/T68CH6.pdf","31824","041c90d4da68cac872f72cd446a31161860443da650a363089330c71d45d6b0b","True",""
"Title68-T68CH7.pdf","https://legislature.idaho.gov/wp-content/uploads/statutesrules/idstat/Title68/T68CH7.pdf","30341","97d355f7153f0edbf6b821cbc3adb4d06119ae31a6dc99d22765c7b245148120","True",""
"Title68-T68CH8.pdf","https://legislature.idaho.gov/wp-content/uploads/statutesrules/idstat/Title68/T68CH8.pdf","85378","c73585448493335524c383db1519f8efa9e53cb6160883fc319e02de23237560","True",""
"Title68-T68CH9.pdf","https://legislature.idaho.gov/wp-content/uploads/statutesrules/idstat/Title68/T68CH9.pdf","41320","fdc3453fcc560ca870a0e1114511786ac693744ca007e39735f12e59ace026d4","True",""
"Title69-T69CH2.pdf","https://legislature.idaho.gov/wp-content/uploads/statutesrules/idstat/Title69/T69CH2.pdf","166096","aa8a71675898171a40e6abc13cd96a237e5463b5e42bed13ac1c2d8f9400daa3","True",""
"Title69-T69CH5.pdf","https://legislature.idaho.gov/wp-content/uploads/statutesrules/idstat/Title69/T69CH5.pdf","91435","18401e8fe2fe4cedf2233aecdc75a8672eb8ffd6bcb77e4c8bb1053d03db596b","True",""
"Title7-T7CH10.pdf","https://legislature.idaho.gov/wp-content/uploads/statutesrules/idstat/Title7/T7CH10.pdf","198799","24a95bc87fce1fcb8cfcf3e2094bb78b75f20779f6a331224c9d935397cca6f6","True",""
"Title7-T7CH11.pdf","https://legislature.idaho.gov/wp-content/uploads/statutesrules/idstat/Title7/T7CH11.pdf","62262","b38fe5ad65772c856639c3d357bc473ff06c938d043dbddb96d7dcec33d073e6","True",""
"Title7-T7CH12.pdf","https://legislature.idaho.gov/wp-content/uploads/statutesrules/idstat/Title7/T7CH12.pdf","42843","b54bb4598bf648e6af65a5554a3fa0e75a5a0529bb19ee640d03430908b83bed","True",""
"Title7-T7CH13.pdf","https://legislature.idaho.gov/wp-content/uploads/statutesrules/idstat/Title7/T7CH13.pdf","52403","4cf93539a241f59d712dee28e3fe5ca337de07fd28ce6ce6932035d3e74e49fd","True",""
"Title7-T7CH14.pdf","https://legislature.idaho.gov/wp-content/uploads/statutesrules/idstat/Title7/T7CH14.pdf","65269","cb66965268439a9c401d22b4a56b9d4570972bd91a9a7a969ca8e5d43080c59b","True",""
"Title7-T7CH15.pdf","https://legislature.idaho.gov/wp-content/uploads/statutesrules/idstat/Title7/T7CH15.pdf","77768","f62be9540062ba6fa4e037a9e9876ab8c95a7daa5170e77a21d21aa4456e49c8","True",""
"Title7-T7CH16.pdf","https://legislature.idaho.gov/wp-content/uploads/statutesrules/idstat/Title7/T7CH16.pdf","49109","d2c8b9e0f3a12f1576152aef214753319ef438b09e4f96c350f26a8b465be526","True",""
"Title7-T7CH2.pdf","https://legislature.idaho.gov/wp-content/uploads/statutesrules/idstat/Title7/T7CH2.pdf","29880","b338eb757109cf7f4346dcca25d14c01075a41a09fd9858ce53e348c619d45a1","True",""
"Title7-T7CH3.pdf","https://legislature.idaho.gov/wp-content/uploads/statutesrules/idstat/Title7/T7CH3.pdf","39286","e9fe00625f2a7a19dd75936acb95c7a3b740dc48dc2c2b90677f8ed4cf8b653b","True",""
"Title7-T7CH4.pdf","https://legislature.idaho.gov/wp-content/uploads/statutesrules/idstat/Title7/T7CH4.pdf","32209","431d3d1147592a83b56bef880a7f6075a9d3d75c4df3896e646b31306054ed21","True",""
"Title7-T7CH6.pdf","https://legislature.idaho.gov/wp-content/uploads/statutesrules/idstat/Title7/T7CH6.pdf","49530","d5c21ee27a937890d8e15c688a4659bce9728235b7015f46acdc143c97a4ba75","True",""
"Title7-T7CH7.pdf","https://legislature.idaho.gov/wp-content/uploads/statutesrules/idstat/Title7/T7CH7.pdf","94084","4607b2903740ea40dde50d6ea7366274a668f0d842468e3aa0704af0573c2dd9","True",""
"Title7-T7CH8.pdf","https://legislature.idaho.gov/wp-content/uploads/statutesrules/idstat/Title7/T7CH8.pdf","40794","5b98bb0bd18ef9b1058aefbea1f347bf2f07a0badc74378e18388b7dc4e76bf3","True",""
"Title7-T7CH9.pdf","https://legislature.idaho.gov/wp-content/uploads/statutesrules/idstat/Title7/T7CH9.pdf","58145","166f72876fe512986749218aa643d766dd3afb593b68a05a5a77fa63b9e697b9","True",""
"Title70-T70CH11.pdf","https://legislature.idaho.gov/wp-content/uploads/statutesrules/idstat/Title70/T70CH11.pdf","53940","2a702da2568990f76af6cadd7ceb0bd09c9a943a89313e751b92d6a811920438","True",""
"Title70-T70CH12.pdf","https://legislature.idaho.gov/wp-content/uploads/statutesrules/idstat/Title70/T70CH12.pdf","53404","000970fccba2ab1ccca61161a6ca7f33da267627fd17ef09cb8c882f1851b224","True",""
"Title70-T70CH13.pdf","https://legislature.idaho.gov/wp-content/uploads/statutesrules/idstat/Title70/T70CH13.pdf","31612","72e6f248c2785ab8a37ac2ed676f6c55e6094ff54be3dfc368564c403efd8d1d","True",""
"Title70-T70CH14.pdf","https://legislature.idaho.gov/wp-content/uploads/statutesrules/idstat/Title70/T70CH14.pdf","45161","42602579589489eb29af21d6889eff0e6d645c8a701d6c614084ba8fbc9f3278","True",""
"Title70-T70CH15.pdf","https://legislature.idaho.gov/wp-content/uploads/statutesrules/idstat/Title70/T70CH15.pdf","48663","ce2d83de030f04ba8aaa1676b5eef64c4b6c4d23542f1816dedb708e5705f42f","True",""
"Title70-T70CH16.pdf","https://legislature.idaho.gov/wp-content/uploads/statutesrules/idstat/Title70/T70CH16.pdf","69419","ffa01544ab22d558fbaa878f4867da6bfc6a3c7d6d3f229a8b99c68834a3507e","True",""
"Title70-T70CH17.pdf","https://legislature.idaho.gov/wp-content/uploads/statutesrules/idstat/Title70/T70CH17.pdf","56514","0544d1421e23341330839ae9667738da8d1b4c21875201fad826c35101d9ee4c","True",""
"Title70-T70CH18.pdf","https://legislature.idaho.gov/wp-content/uploads/statutesrules/idstat/Title70/T70CH18.pdf","42885","77772550740999244ee0a978688afc4acad9fd6c32a4a8fb4a9ace4e1e4c0345","True",""
"Title70-T70CH19.pdf","https://legislature.idaho.gov/wp-content/uploads/statutesrules/idstat/Title70/T70CH19.pdf","43337","1914c1d172ca4a417d10ddbbda8fed652493f2ea57bc1c3a25a7fa4545ede3f9","True",""
"Title70-T70CH20.pdf","https://legislature.idaho.gov/wp-content/uploads/statutesrules/idstat/Title70/T70CH20.pdf","30909","66215bc38c2e17ab2bbc50d562cfb47964e3b06e4698e10b8f2348da5796d843","True",""
"Title70-T70CH21.pdf","https://legislature.idaho.gov/wp-content/uploads/statutesrules/idstat/Title70/T70CH21.pdf","64157","9b0ac43e27656867875d4c793afdaa5b86f9f72365d2e91785579383e9522ca6","True",""
"Title70-T70CH22.pdf","https://legislature.idaho.gov/wp-content/uploads/statutesrules/idstat/Title70/T70CH22.pdf","60925","6a5fe56eda9da61f32e665e631cbdff58d6775f6a8692ab1179831b908f1c7b3","True",""
"Title70-T70CH4.pdf","https://legislature.idaho.gov/wp-content/uploads/statutesrules/idstat/Title70/T70CH4.pdf","36286","e71381cc3cefab9a687fdcc56f04b73194db402d4fe139834f1ecdca0c2b8f51","True",""
"Title70-T70CH5.pdf","https://legislature.idaho.gov/wp-content/uploads/statutesrules/idstat/Title70/T70CH5.pdf","39929","1241f2a96ff4260cec3642a60dc905e539a6130c2dcfff96508f326db63e5b62","True",""
"Title71-T71CH1.pdf","https://legislature.idaho.gov/wp-content/uploads/statutesrules/idstat/Title71/T71CH1.pdf","54719","dbd63d5ae1de25cea66847cf88ef68220df065cf7d727a525bb6c576ac673bcc","True",""
"Title71-T71CH2.pdf","https://legislature.idaho.gov/wp-content/uploads/statutesrules/idstat/Title71/T71CH2.pdf","52925","a87132b4254ad7bb109c5400eb13b6db0fcc640176f05828e53e83ab9c8789b8","True",""
"Title71-T71CH3.pdf","https://legislature.idaho.gov/wp-content/uploads/statutesrules/idstat/Title71/T71CH3.pdf","44374","290318cbf9108dd1709f400cb127aab89bfd5e0564ce40bae5cd2edc60385e4e","True",""
"Title71-T71CH4.pdf","https://legislature.idaho.gov/wp-content/uploads/statutesrules/idstat/Title71/T71CH4.pdf","34765","545e5f34f84a4b8139fc208b0a6a1bdf2469f745affc468f0c8f7953b6e792f0","True",""
"Title72-T72CH1.pdf","https://legislature.idaho.gov/wp-content/uploads/statutesrules/idstat/Title72/T72CH1.pdf","59760","6b9bd59b9684dec784654b338446bf79c9b32ef7d70a2fb850026a98baa9022f","True",""
"Title72-T72CH10.pdf","https://legislature.idaho.gov/wp-content/uploads/statutesrules/idstat/Title72/T72CH10.pdf","92642","4f4dd48ba99868177b094799f83d0b76cb95d41a0548c001659f4b2aff749d77","True",""
"Title72-T72CH11.pdf","https://legislature.idaho.gov/wp-content/uploads/statutesrules/idstat/Title72/T72CH11.pdf","43121","edd012d9d7707fec907db82b8f261349a54c09a2d2c128cbc733a2b85c93f39b","True",""
"Title72-T72CH12.pdf","https://legislature.idaho.gov/wp-content/uploads/statutesrules/idstat/Title72/T72CH12.pdf","68948","f9d64b63ccb7bd49121b9c09ea9ed4dfce65001a3a4127310d1b190abdff85d2","True",""
"Title72-T72CH13.pdf","https://legislature.idaho.gov/wp-content/uploads/statutesrules/idstat/Title72/T72CH13.pdf","552424","3608121f92cb7d20bb0e025fd61c1288fd7a1914f51ca03be916c8ac7c998376","True",""
"Title72-T72CH14.pdf","https://legislature.idaho.gov/wp-content/uploads/statutesrules/idstat/Title72/T72CH14.pdf","154998","454950c89e5b0c458561cacb6883a0e20a50752899897c5b9ecd6431897439fc","True",""
"Title72-T72CH15.pdf","https://legislature.idaho.gov/wp-content/uploads/statutesrules/idstat/Title72/T72CH15.pdf","47303","4313f4ebee9cdebcf02238059b91d55330807ee91534ec3a887da0b4404764a9","True",""
"Title72-T72CH16.pdf","https://legislature.idaho.gov/wp-content/uploads/statutesrules/idstat/Title72/T72CH16.pdf","41662","ba3ad3afa2e62dadc4fe12957091e96045f4441cec0df56b32be2cc6b2142d54","True",""
"Title72-T72CH17.pdf","https://legislature.idaho.gov/wp-content/uploads/statutesrules/idstat/Title72/T72CH17.pdf","60740","5655ca810c94f152ba99a518a7634af7aec6ae04e602955fbf9c81e75e391c5f","True",""
"Title72-T72CH2.pdf","https://legislature.idaho.gov/wp-content/uploads/statutesrules/idstat/Title72/T72CH2.pdf","86566","de44cfd5b31690130a60a928fe401c2873971e3025c640b9beb9094e0297fbb0","True",""
"Title72-T72CH3.pdf","https://legislature.idaho.gov/wp-content/uploads/statutesrules/idstat/Title72/T72CH3.pdf","103320","dac87927a1b1efa7baf91f8e896fe630a4de100c711c4f0d8a0e2584e4350179","True",""
"Title72-T72CH4.pdf","https://legislature.idaho.gov/wp-content/uploads/statutesrules/idstat/Title72/T72CH4.pdf","143273","559ca7369939f513630ddceb12ee36a009b0f605c2796213a70b2fc2339f759c","True",""
"Title72-T72CH5.pdf","https://legislature.idaho.gov/wp-content/uploads/statutesrules/idstat/Title72/T72CH5.pdf","74465","e3a30c7e1b27de96ff5b98e021d1b46e216b2b13ffaf67106e054951443cfcf9","True",""
"Title72-T72CH6.pdf","https://legislature.idaho.gov/wp-content/uploads/statutesrules/idstat/Title72/T72CH6.pdf","38080","24e198b8f97341df22178981ad9b2a29910b4c0d897df2b018bb12d518310d3a","True",""
"Title72-T72CH7.pdf","https://legislature.idaho.gov/wp-content/uploads/statutesrules/idstat/Title72/T72CH7.pdf","61413","4136d8efd02f7f7d25d4145373b494904d9c65fd742b63d7e667323049fa47ce","True",""
"Title72-T72CH8.pdf","https://legislature.idaho.gov/wp-content/uploads/statutesrules/idstat/Title72/T72CH8.pdf","37700","8fa47eb05cf0aff38283e05cba7e68fa7e820122bba5b8840af6f99d8df60533","True",""
"Title72-T72CH9.pdf","https://legislature.idaho.gov/wp-content/uploads/statutesrules/idstat/Title72/T72CH9.pdf","59985","1185e5624fce96d4655d262e40850613b8aca6eb808f8d29d10d020ff2a9484e","True",""
"Title73-T73CH1.pdf","https://legislature.idaho.gov/wp-content/uploads/statutesrules/idstat/Title73/T73CH1.pdf","88576","3878570339a4faa2dac70526839d41c0e8399e1896b36bcf9c8221fe606ec5a8","True",""
"Title73-T73CH2.pdf","https://legislature.idaho.gov/wp-content/uploads/statutesrules/idstat/Title73/T73CH2.pdf","68614","b384afd413c6a46a54ac6664e140bd7a035dcf11f8c2f307694bbb695ec793ee","True",""
"Title73-T73CH3.pdf","https://legislature.idaho.gov/wp-content/uploads/statutesrules/idstat/Title73/T73CH3.pdf","28157","e6fefb7c179601b251182dc30176c9f15664aeab457539d33b8688d324de548e","True",""
"Title73-T73CH4.pdf","https://legislature.idaho.gov/wp-content/uploads/statutesrules/idstat/Title73/T73CH4.pdf","32251","9c7db5bd345a406b60e20461daf687aadd26439a2b9a8fb7fc5dc4e83b6d09cf","True",""
"Title73-T73CH5.pdf","https://legislature.idaho.gov/wp-content/uploads/statutesrules/idstat/Title73/T73CH5.pdf","42782","b9b221d301d749d9a9eb08825d614dde78a5e7a4883c86f06a224ac16500f0ea","True",""
"Title73-T73CH6.pdf","https://legislature.idaho.gov/wp-content/uploads/statutesrules/idstat/Title73/T73CH6.pdf","39044","ad082f136c5a060ebe15cea4d177f78f7099041d42e33596e800d8938677cf36","True",""
"Title74-T74CH1.pdf","https://legislature.idaho.gov/wp-content/uploads/statutesrules/idstat/Title74/T74CH1.pdf","227228","4d80102571988d01e55ac62c666358f617c216ffda2df7b43a99ab9ff40e7c20","True",""
"Title74-T74CH2.pdf","https://legislature.idaho.gov/wp-content/uploads/statutesrules/idstat/Title74/T74CH2.pdf","66388","4ebd041d3f3b6d61718c3e0a771c802ff4c3d546ea7facd69a9a823c9631a87e","True",""
"Title74-T74CH4.pdf","https://legislature.idaho.gov/wp-content/uploads/statutesrules/idstat/Title74/T74CH4.pdf","49896","bea241f13acc1cbbbd13275c90f5ee488202be06272da79dfcf32a150bd95440","True",""
"Title74-T74CH5.pdf","https://legislature.idaho.gov/wp-content/uploads/statutesrules/idstat/Title74/T74CH5.pdf","41980","da206e3e96a702f7adc60edca55ac71932bea69296a61da91732f7e0bf2f229f","True",""
"Title74-T74CH6.pdf","https://legislature.idaho.gov/wp-content/uploads/statutesrules/idstat/Title74/T74CH6.pdf","45350","a8e2803b0914d5aa802bfe0b74d0b27f8cf4a2191ba1e2d4861eeb595122bb58","True",""
"Title74-T74CH7.pdf","https://legislature.idaho.gov/wp-content/uploads/statutesrules/idstat/Title74/T74CH7.pdf","78057","451832fdfcf9c88868af0763bc61f58bb3bf686d00b7bff81f3da220978e38ce","True",""
"Title8-T8CH1.pdf","https://legislature.idaho.gov/wp-content/uploads/statutesrules/idstat/Title8/T8CH1.pdf","50911","0d63340efbdcfd25c5e578b24ebe3d81fac476b87174b0a908306fbdc43a7c37","True",""
"Title8-T8CH2.pdf","https://legislature.idaho.gov/wp-content/uploads/statutesrules/idstat/Title8/T8CH2.pdf","38779","473db7477ead5eda447e3025b461060b8a05ebad92d841ea677f0ae1988fe987","True",""
"Title8-T8CH3.pdf","https://legislature.idaho.gov/wp-content/uploads/statutesrules/idstat/Title8/T8CH3.pdf","52132","c26001c69746f4d931ec1f9f8b74d18ff108bd8e52d60d57fd818a0132ad362d","True",""
"Title8-T8CH5.pdf","https://legislature.idaho.gov/wp-content/uploads/statutesrules/idstat/Title8/T8CH5.pdf","90912","4e648290b043977ec0ac3c9727402543b5ff288851827cb5737be542ab9e38e6","True",""
"Title8-T8CH6.pdf","https://legislature.idaho.gov/wp-content/uploads/statutesrules/idstat/Title8/T8CH6.pdf","41695","a87ee918615f79f0c0dd0d6354463098afff2e5d0b6a64c9892edb072f0081e1","True",""
"Title8-T8CH7.pdf","https://legislature.idaho.gov/wp-content/uploads/statutesrules/idstat/Title8/T8CH7.pdf","36987","1c8874cd38a88e58342d857c6510e2e294d312b0250699b92688f42546607592","True",""
"Title9-T9CH1.pdf","https://legislature.idaho.gov/wp-content/uploads/statutesrules/idstat/Title9/T9CH1.pdf","33273","0a63731cc8d01dbb4880c3b487f2fee6e12c280b346069b7dfd12085089d7676","True",""
"Title9-T9CH13.pdf","https://legislature.idaho.gov/wp-content/uploads/statutesrules/idstat/Title9/T9CH13.pdf","36384","5b09fd34cf6cbf94cb8a896ec423de4368da528219cdf5a804d059cd8f332cac","True",""
"Title9-T9CH14.pdf","https://legislature.idaho.gov/wp-content/uploads/statutesrules/idstat/Title9/T9CH14.pdf","34956","a4808d37a8388009f10e5338275e28f8e425c67d59182c744660a8ca8f3ef357","True",""
"Title9-T9CH15.pdf","https://legislature.idaho.gov/wp-content/uploads/statutesrules/idstat/Title9/T9CH15.pdf","29695","5910f41be433a67f7369055a0a14ae8cb7fb11368ef5edb09ff0fae76186d438","True",""
"Title9-T9CH16.pdf","https://legislature.idaho.gov/wp-content/uploads/statutesrules/idstat/Title9/T9CH16.pdf","31780","5bfea55e7057bb601399e1d0ef4d145d5fc0481a37e04923a0f8b0940d670744","True",""
"Title9-T9CH17.pdf","https://legislature.idaho.gov/wp-content/uploads/statutesrules/idstat/Title9/T9CH17.pdf","30933","7f602a0bb477f9c478d1193e7816f4d2f957c40c795359ada39707ea70dcf250","True",""
"Title9-T9CH18.pdf","https://legislature.idaho.gov/wp-content/uploads/statutesrules/idstat/Title9/T9CH18.pdf","40742","02030f30cb8f5a5da68d00ff474d4dd2e72a8456f5912eacf28c15c88be3e8d1","True",""
"Title9-T9CH2.pdf","https://legislature.idaho.gov/wp-content/uploads/statutesrules/idstat/Title9/T9CH2.pdf","57497","4648fd91e3a8d830e6f073924f27edeb0a79ea9635b4804ee6fb5df4cf42180c","True",""
"Title9-T9CH3.pdf","https://legislature.idaho.gov/wp-content/uploads/statutesrules/idstat/Title9/T9CH3.pdf","57111","bdb61d8ddcba2f9861c9757e52df884501721f61edfda3a93092b0f5bbae9ff1","True",""
"Title9-T9CH4.pdf","https://legislature.idaho.gov/wp-content/uploads/statutesrules/idstat/Title9/T9CH4.pdf","55146","10545a1c64de5e8b048887bc827fac6f279941f49bb4fa843635e2be9d8252d9","True",""
"Title9-T9CH5.pdf","https://legislature.idaho.gov/wp-content/uploads/statutesrules/idstat/Title9/T9CH5.pdf","40795","bb4969030a388049ba752f088d3587c14b0d8eea8ceb917cf27017228a069f6d","True",""
"Title9-T9CH6.pdf","https://legislature.idaho.gov/wp-content/uploads/statutesrules/idstat/Title9/T9CH6.pdf","29193","89008f26133cff541cf8c9f82aa86f2e1387c73f6bf3051d45a849620ca82034","True",""
"Title9-T9CH7.pdf","https://legislature.idaho.gov/wp-content/uploads/statutesrules/idstat/Title9/T9CH7.pdf","36440","c2818d27b5635754d8386d24213a4dde8427fd6f76ab768da76f9ad2ceb65f77","True",""
"Title9-T9CH8.pdf","https://legislature.idaho.gov/wp-content/uploads/statutesrules/idstat/Title9/T9CH8.pdf","59907","2998c3ae76905f35bdb418c797649c99b12296bb93cc8628e78770a46cd21ac2","True",""
